alerted_at;match_key;home;away;kick_off;signal_type;bet;odds;opening_odds;pct_change;confidence;edge;snapshots;stake_model;stake;result;profit;resolved_at;reason
2026-02-08T12:38:49.050896;Kucukcekmece|Bursa Yildirimspor;Kucukcekmece;Bursa Yildirimspor;13:00;STEAM;2;2.49;3.22;-0.2267;0.95;0.2267;216;flat;1.0;;;;Steam move: odds dropped -22.7% | Sustained odds drop: 3.22 → 2.49 (-22.7%) | Strong drop >8% | Other outcomes rising while this drops — market consensus | Only 22 min to kick-off — late data is more reliable | 216 snapshots — robust data
2026-02-08T12:38:49.063785;West Ham W|Brighton W;West Ham W;Brighton W;13:00;STEAM;2;1.71;2.05;-0.1659;0.95;0.1659;221;flat;1.0;;;;Steam move: odds dropped -16.6% | Sustained odds drop: 2.05 → 1.71 (-16.6%) | Strong drop >8% | Other outcomes rising while this drops — market consensus | Only 22 min to kick-off — late data is more reliable | 221 snapshots — robust data
2026-02-08T12:38:49.066178;Apolonia Fier|Pogradeci;Apolonia Fier;Pogradeci;13:30;STEAM;2;1.76;1.92;-0.0833;0.85;0.0833;175;flat;1.0;loss;-1.0;2026-02-08T12:38:50.020845;Steam move: odds dropped -8.3% | Sustained odds drop: 1.92 → 1.76 (-8.3%) | Strong drop >8% | Other outcomes rising while this drops — market consensus | 175 snapshots — robust data
2026-02-08T12:38:49.071215;Burreli|Iliria Fushe-Kruje;Burreli;Iliria Fushe-Kruje;13:30;STEAM;2;2.38;3.31;-0.281;0.85;0.281;215;flat;1.0;;;;Steam move: odds dropped -28.1% | Sustained odds drop: 3.31 → 2.38 (-28.1%) | Strong drop >8% | Other outcomes rising while this drops — market consensus | 215 snapshots — robust data
2026-02-08T12:38:49.076715;Foolad|Gol Gohar;Foolad;Gol Gohar;13:30;STEAM;X;2.37;2.69;-0.119;0.85;0.119;213;flat;1.0;;;;Steam move: odds dropped -11.9% | Sustained odds drop: 2.69 → 2.37 (-11.9%) | Strong drop >8% | Other outcomes rising while this drops — market consensus | 213 snapshots — robust data
2026-02-08T12:38:49.103584;KF Tirana|Dinamo Tirana;KF Tirana;Dinamo Tirana;13:30;STEAM;2;2.06;2.41;-0.1452;0.85;0.1452;176;flat;1.0;loss;-1.0;2026-02-08T12:38:50.033418;Steam move: odds dropped -14.5% | Sustained odds drop: 2.41 → 2.06 (-14.5%) | Strong drop >8% | Other outcomes rising while this drops — market consensus | 176 snapshots — robust data
2026-02-08T12:38:49.106647;Karlsruher SC|Dusseldorf;Karlsruher SC;Dusseldorf;13:30;STEAM;2;2.15;2.37;-0.0928;0.85;0.0928;213;flat;1.0;;;;Steam move: odds dropped -9.3% | Sustained odds drop: 2.37 → 2.15 (-9.3%) | Strong drop >8% | Other outcomes rising while this drops — market consensus | 213 snapshots — robust data
2026-02-08T12:38:49.110460;Tampere Utd (Fin)|Haka (Fin);Tampere Utd (Fin);Haka (Fin);13:45;STEAM;2;1.59;1.76;-0.0966;0.85;0.0966;212;flat;1.0;;;;Steam move: odds dropped -9.7% | Sustained odds drop: 1.76 → 1.59 (-9.7%) | Strong drop >8% | Other outcomes rising while this drops — market consensus | 212 snapshots — robust data
2026-02-08T12:38:49.113181;Austria Vienna W|St. Polten W;Austria Vienna W;St. Polten W;14:00;STEAM;1;1.85;2.06;-0.1019;0.85;0.1019;174;flat;1.0;win;0.85;2026-02-08T12:38:50.039750;Steam move: odds dropped -10.2% | Sustained odds drop: 2.06 → 1.85 (-10.2%) | Strong drop >8% | Other outcomes rising while this drops — market consensus | 174 snapshots — robust data
2026-02-08T12:38:49.115577;BVSC-Zuglo|Csakvari;BVSC-Zuglo;Csakvari;14:00;STEAM;1;2.5;2.73;-0.0842;0.85;0.0842;172;flat;1.0;loss;-1.0;2026-02-08T12:38:50.045676;Steam move: odds dropped -8.4% | Sustained odds drop: 2.73 → 2.50 (-8.4%) | Strong drop >8% | Other outcomes rising while this drops — market consensus | 172 snapshots — robust data
2026-02-08T12:38:49.118057;Chaidari|AO Ilisiakos;Chaidari;AO Ilisiakos;14:00;STEAM;2;2.18;2.49;-0.1245;0.85;0.1245;208;flat;1.0;loss;-1.0;2026-02-08T12:38:50.047259;Steam move: odds dropped -12.4% | Sustained odds drop: 2.49 → 2.18 (-12.4%) | Strong drop >8% | Other outcomes rising while this drops — market consensus | 208 snapshots — robust data
2026-02-08T12:38:49.120113;Chelghoum|Telaghema;Chelghoum;Telaghema;14:00;STEAM;2;1.28;1.44;-0.1111;0.85;0.1111;170;flat;1.0;win;0.28;2026-02-08T12:38:50.050899;Steam move: odds dropped -11.1% | Sustained odds drop: 1.44 → 1.28 (-11.1%) | Strong drop >8% | Other outcomes rising while this drops — market consensus | 170 snapshots — robust data
2026-02-08T12:38:49.123558;GC Mascara|El Biar;GC Mascara;El Biar;14:00;STEAM;2;1.81;2.16;-0.162;0.85;0.162;172;flat;1.0;win;0.81;2026-02-08T12:38:50.052783;Steam move: odds dropped -16.2% | Sustained odds drop: 2.16 → 1.81 (-16.2%) | Strong drop >8% | Other outcomes rising while this drops — market consensus | 172 snapshots — robust data
2026-02-08T12:38:49.126885;Jippo|Klubi 04;Jippo;Klubi 04;14:00;STEAM;1;1.27;1.42;-0.1056;0.85;0.1056;172;flat;1.0;win;0.27;2026-02-08T12:38:50.054817;Steam move: odds dropped -10.6% | Sustained odds drop: 1.42 → 1.27 (-10.6%) | Strong drop >8% | Other outcomes rising while this drops — market consensus | 172 snapshots — robust data
2026-02-08T12:38:49.129398;MSP Batna|CA Batna;MSP Batna;CA Batna;14:00;STEAM;2;2.12;2.48;-0.1452;0.85;0.1452;174;flat;1.0;win;1.12;2026-02-08T12:38:50.055615;Steam move: odds dropped -14.5% | Sustained odds drop: 2.48 → 2.12 (-14.5%) | Strong drop >8% | Other outcomes rising while this drops — market consensus | 174 snapshots — robust data
2026-02-08T12:38:49.131785;Otoho d'Oyo (Con)|Stellenbosch (Rsa);Otoho d'Oyo (Con);Stellenbosch (Rsa);14:00;STEAM;1;1.63;2.48;-0.3427;0.85;0.3427;212;flat;1.0;;;;Steam move: odds dropped -34.3% | Sustained odds drop: 2.48 → 1.63 (-34.3%) | Strong drop >8% | Other outcomes rising while this drops — market consensus | 212 snapshots — robust data
2026-02-08T12:38:49.134530;Regensburg|Viktoria Koln;Regensburg;Viktoria Koln;14:00;STEAM;1;2.09;2.32;-0.0991;0.85;0.0991;172;flat;1.0;loss;-1.0;2026-02-08T12:38:50.096139;Steam move: odds dropped -9.9% | Sustained odds drop: 2.32 → 2.09 (-9.9%) | Strong drop >8% | Other outcomes rising while this drops — market consensus | 172 snapshots — robust data
2026-02-08T12:38:49.137933;US Chaouia|Magra;US Chaouia;Magra;14:00;STEAM;1;1.52;1.71;-0.1111;0.85;0.1111;170;flat;1.0;win;0.52;2026-02-08T12:38:50.150861;Steam move: odds dropped -11.1% | Sustained odds drop: 1.71 → 1.52 (-11.1%) | Strong drop >8% | Other outcomes rising while this drops — market consensus | 170 snapshots — robust data
2026-02-08T12:38:49.155605;Wiener Viktoria (Aut)|Dietach (Aut);Wiener Viktoria (Aut);Dietach (Aut);14:00;STEAM;2;2.5;3.08;-0.1883;0.85;0.1883;178;flat;1.0;win;1.5;2026-02-08T12:38:50.155762;Steam move: odds dropped -18.8% | Sustained odds drop: 3.08 → 2.50 (-18.8%) | Strong drop >8% | Other outcomes rising while this drops — market consensus | 178 snapshots — robust data
2026-02-08T12:38:49.157717;Dibba Al Fujairah|Bani Yas;Dibba Al Fujairah;Bani Yas;14:25;STEAM;2;1.9;2.09;-0.0909;0.85;0.0909;170;flat;1.0;loss;-1.0;2026-02-08T12:38:50.157604;Steam move: odds dropped -9.1% | Sustained odds drop: 2.09 → 1.90 (-9.1%) | Strong drop >8% | Other outcomes rising while this drops — market consensus | 170 snapshots — robust data
2026-02-08T12:38:49.159586;Bassano|San Luigi;Bassano;San Luigi;14:30;STEAM;1;1.69;2.01;-0.1592;0.85;0.1592;208;flat;1.0;;;;Steam move: odds dropped -15.9% | Sustained odds drop: 2.01 → 1.69 (-15.9%) | Strong drop >8% | Other outcomes rising while this drops — market consensus | 208 snapshots — robust data
2026-02-08T12:38:49.163931;Calvi Noale|Altavilla;Calvi Noale;Altavilla;14:30;STEAM;X;2.47;3.0;-0.1767;0.85;0.1767;208;flat;1.0;;;;Steam move: odds dropped -17.7% | Sustained odds drop: 3.00 → 2.47 (-17.7%) | Strong drop >8% | Other outcomes rising while this drops — market consensus | 208 snapshots — robust data
2026-02-08T12:38:49.182487;Giulianova|Sammaurese;Giulianova;Sammaurese;14:30;STEAM;1;1.5;1.64;-0.0854;0.85;0.0854;186;flat;1.0;;;;Steam move: odds dropped -8.5% | Sustained odds drop: 1.64 → 1.50 (-8.5%) | Strong drop >8% | Other outcomes rising while this drops — market consensus | 186 snapshots — robust data
2026-02-08T12:38:49.192048;Prato|Poggibonsi;Prato;Poggibonsi;14:30;STEAM;1;1.44;1.61;-0.1056;0.85;0.1056;203;flat;1.0;;;;Steam move: odds dropped -10.6% | Sustained odds drop: 1.61 → 1.44 (-10.6%) | Strong drop >8% | Other outcomes rising while this drops — market consensus | 203 snapshots — robust data
2026-02-08T12:38:49.199640;San Marino Academy W|Lumezzane W;San Marino Academy W;Lumezzane W;14:30;STEAM;2;1.45;1.72;-0.157;0.85;0.157;210;flat;1.0;;;;Steam move: odds dropped -15.7% | Sustained odds drop: 1.72 → 1.45 (-15.7%) | Strong drop >8% | Other outcomes rising while this drops — market consensus | 210 snapshots — robust data
2026-02-08T12:38:49.204449;Club Milano|Sestri Levante;Club Milano;Sestri Levante;15:00;STEAM;2;1.62;1.98;-0.1818;0.85;0.1818;177;flat;1.0;;;;Steam move: odds dropped -18.2% | Sustained odds drop: 1.98 → 1.62 (-18.2%) | Strong drop >8% | Other outcomes rising while this drops — market consensus | 177 snapshots — robust data
2026-02-08T12:38:49.212263;Portsmouth W|Ipswich W;Portsmouth W;Ipswich W;15:00;STEAM;1;2.3;2.6;-0.1154;0.85;0.1154;179;flat;1.0;;;;Steam move: odds dropped -11.5% | Sustained odds drop: 2.60 → 2.30 (-11.5%) | Strong drop >8% | Other outcomes rising while this drops — market consensus | 179 snapshots — robust data
2026-02-08T12:38:49.216459;Sarnese|Ferrandina;Sarnese;Ferrandina;15:00;STEAM;1;1.63;1.86;-0.1237;0.85;0.1237;177;flat;1.0;;;;Steam move: odds dropped -12.4% | Sustained odds drop: 1.86 → 1.63 (-12.4%) | Strong drop >8% | Other outcomes rising while this drops — market consensus | 177 snapshots — robust data
2026-02-08T12:38:49.220854;Stockay-Warfusee|Meux;Stockay-Warfusee;Meux;15:00;STEAM;2;2.41;2.69;-0.1041;0.85;0.1041;179;flat;1.0;;;;Steam move: odds dropped -10.4% | Sustained odds drop: 2.69 → 2.41 (-10.4%) | Strong drop >8% | Other outcomes rising while this drops — market consensus | 179 snapshots — robust data
2026-02-08T12:38:49.223297;Vigor Senigallia|Fossombrone;Vigor Senigallia;Fossombrone;15:00;STEAM;X;2.48;3.03;-0.1815;0.85;0.1815;177;flat;1.0;;;;Steam move: odds dropped -18.1% | Sustained odds drop: 3.03 → 2.48 (-18.1%) | Strong drop >8% | Other outcomes rising while this drops — market consensus | 177 snapshots — robust data
2026-02-08T12:38:49.230385;Strasbourg W|Marseille W;Strasbourg W;Marseille W;15:15;STEAM;1;2.05;2.23;-0.0807;0.85;0.0807;177;flat;1.0;;;;Steam move: odds dropped -8.1% | Sustained odds drop: 2.23 → 2.05 (-8.1%) | Strong drop >8% | Other outcomes rising while this drops — market consensus | 177 snapshots — robust data
2026-02-08T12:38:49.232493;Al Khaboora|Dhofar;Al Khaboora;Dhofar;15:30;STEAM;X;2.4;2.72;-0.1176;0.85;0.1176;174;flat;1.0;win;1.4;2026-02-08T12:38:50.186360;Steam move: odds dropped -11.8% | Sustained odds drop: 2.72 → 2.40 (-11.8%) | Strong drop >8% | Other outcomes rising while this drops — market consensus | 174 snapshots — robust data
2026-02-08T12:38:49.235044;Akranes|Thor Akureyri;Akranes;Thor Akureyri;16:00;STEAM;1;1.37;1.52;-0.0987;0.85;0.0987;104;flat;1.0;loss;-1.0;2026-02-08T12:38:50.188114;Steam move: odds dropped -9.9% | Sustained odds drop: 1.52 → 1.37 (-9.9%) | Strong drop >8% | Other outcomes rising while this drops — market consensus | 104 snapshots — robust data
2026-02-08T12:38:49.260277;Bo'ness United|Caledonian Braves;Bo'ness United;Caledonian Braves;16:00;STEAM;2;2.28;2.57;-0.1128;0.85;0.1128;113;flat;1.0;win;1.28;2026-02-08T12:38:50.192777;Steam move: odds dropped -11.3% | Sustained odds drop: 2.57 → 2.28 (-11.3%) | Strong drop >8% | Other outcomes rising while this drops — market consensus | 113 snapshots — robust data
2026-02-08T12:38:49.264416;Clachnacuddin|Buckie Thistle;Clachnacuddin;Buckie Thistle;16:00;STEAM;1;1.81;2.02;-0.104;0.85;0.104;113;flat;1.0;win;0.81;2026-02-08T12:38:50.194350;Steam move: odds dropped -10.4% | Sustained odds drop: 2.02 → 1.81 (-10.4%) | Strong drop >8% | Other outcomes rising while this drops — market consensus | 113 snapshots — robust data
2026-02-08T12:38:49.268866;Colonia M.|Fuenlabrada;Colonia M.;Fuenlabrada;16:00;STEAM;2;1.73;2.22;-0.2207;0.85;0.2207;102;flat;1.0;loss;-1.0;2026-02-08T12:38:50.195513;Steam move: odds dropped -22.1% | Sustained odds drop: 2.22 → 1.73 (-22.1%) | Strong drop >8% | Other outcomes rising while this drops — market consensus | 102 snapshots — robust data
2026-02-08T12:38:49.271376;FC Cartagena SAD B|Mazarron CF;FC Cartagena SAD B;Mazarron CF;16:00;STEAM;2;1.99;2.17;-0.0829;0.85;0.0829;102;flat;1.0;win;0.99;2026-02-08T12:38:50.195953;Steam move: odds dropped -8.3% | Sustained odds drop: 2.17 → 1.99 (-8.3%) | Strong drop >8% | Other outcomes rising while this drops — market consensus | 102 snapshots — robust data
2026-02-08T12:38:49.273511;Gala Fairydean|Cowdenbeath;Gala Fairydean;Cowdenbeath;16:00;STEAM;2;2.18;2.57;-0.1518;0.85;0.1518;113;flat;1.0;win;1.18;2026-02-08T12:38:50.196259;Steam move: odds dropped -15.2% | Sustained odds drop: 2.57 → 2.18 (-15.2%) | Strong drop >8% | Other outcomes rising while this drops — market consensus | 113 snapshots — robust data
2026-02-08T12:38:49.276151;Scunthorpe|Southend;Scunthorpe;Southend;16:00;STEAM;1;2.02;2.51;-0.1952;0.85;0.1952;172;flat;1.0;win;1.02;2026-02-08T12:38:50.215171;Steam move: odds dropped -19.5% | Sustained odds drop: 2.51 → 2.02 (-19.5%) | Strong drop >8% | Other outcomes rising while this drops — market consensus | 172 snapshots — robust data
2026-02-08T12:38:49.278693;Tarazona|Sanluqueno;Tarazona;Sanluqueno;16:15;STEAM;1;1.3;1.53;-0.1503;0.85;0.1503;102;flat;1.0;loss;-1.0;2026-02-08T12:38:50.219928;Steam move: odds dropped -15.0% | Sustained odds drop: 1.53 → 1.30 (-15.0%) | Strong drop >8% | Other outcomes rising while this drops — market consensus | 102 snapshots — robust data
2026-02-08T12:38:49.281097;Al Buqaa|Al Ramtha;Al Buqaa;Al Ramtha;16:30;STEAM;2;1.66;1.86;-0.1075;0.85;0.1075;174;flat;1.0;;;;Steam move: odds dropped -10.8% | Sustained odds drop: 1.86 → 1.66 (-10.8%) | Strong drop >8% | Other outcomes rising while this drops — market consensus | 174 snapshots — robust data
2026-02-08T12:38:49.283659;Estrela|Santa Clara;Estrela;Santa Clara;16:30;STEAM;2;1.95;2.12;-0.0802;0.85;0.0802;102;flat;1.0;loss;-1.0;2026-02-08T12:38:50.225925;Steam move: odds dropped -8.0% | Sustained odds drop: 2.12 → 1.95 (-8.0%) | Strong drop >8% | Other outcomes rising while this drops — market consensus | 102 snapshots — robust data
2026-02-08T12:38:49.286034;Harju JK Laagri (Est)|Valmiera (Lat);Harju JK Laagri (Est);Valmiera (Lat);16:30;STEAM;1;1.56;2.11;-0.2607;0.85;0.2607;80;flat;1.0;win;0.56;2026-02-08T12:38:50.227265;Steam move: odds dropped -26.1% | Sustained odds drop: 2.11 → 1.56 (-26.1%) | Strong drop >8% | Other outcomes rising while this drops — market consensus | 80 snapshots — robust data
2026-02-08T12:38:49.288758;Lausanne|St. Gallen;Lausanne;St. Gallen;16:30;STEAM;1;2.05;2.24;-0.0848;0.85;0.0848;174;flat;1.0;;;;Steam move: odds dropped -8.5% | Sustained odds drop: 2.24 → 2.05 (-8.5%) | Strong drop >8% | Other outcomes rising while this drops — market consensus | 174 snapshots — robust data
2026-02-08T12:38:49.291462;Nacional|Casa Pia;Nacional;Casa Pia;16:30;STEAM;1;1.82;2.14;-0.1495;0.85;0.1495;174;flat;1.0;;;;Steam move: odds dropped -14.9% | Sustained odds drop: 2.14 → 1.82 (-14.9%) | Strong drop >8% | Other outcomes rising while this drops — market consensus | 174 snapshots — robust data
2026-02-08T12:38:49.293614;Vittoriosa|Marsa;Vittoriosa;Marsa;16:30;STEAM;1;1.9;2.34;-0.188;0.85;0.188;174;flat;1.0;;;;Steam move: odds dropped -18.8% | Sustained odds drop: 2.34 → 1.90 (-18.8%) | Strong drop >8% | Other outcomes rising while this drops — market consensus | 174 snapshots — robust data
2026-02-08T12:38:49.304597;Alfaro|Beasain;Alfaro;Beasain;17:00;STEAM;2;2.26;2.7;-0.163;0.85;0.163;174;flat;1.0;;;;Steam move: odds dropped -16.3% | Sustained odds drop: 2.70 → 2.26 (-16.3%) | Strong drop >8% | Other outcomes rising while this drops — market consensus | 174 snapshots — robust data
2026-02-08T12:38:49.307527;CD Colindres|Revilla;CD Colindres;Revilla;17:00;STEAM;1;2.13;2.51;-0.1514;0.85;0.1514;174;flat;1.0;;;;Steam move: odds dropped -15.1% | Sustained odds drop: 2.51 → 2.13 (-15.1%) | Strong drop >8% | Other outcomes rising while this drops — market consensus | 174 snapshots — robust data
2026-02-08T12:38:49.310269;CDFC Calzada|Autol;CDFC Calzada;Autol;17:00;STEAM;1;1.28;1.45;-0.1172;0.85;0.1172;42;flat;1.0;;;;Steam move: odds dropped -11.7% | Sustained odds drop: 1.45 → 1.28 (-11.7%) | Strong drop >8% | Other outcomes rising while this drops — market consensus | 42 snapshots — robust data
2026-02-08T12:38:49.312844;Lillestrom (Nor)|KFUM Oslo (Nor);Lillestrom (Nor);KFUM Oslo (Nor);17:00;STEAM;1;1.71;1.87;-0.0856;0.85;0.0856;100;flat;1.0;win;0.71;2026-02-08T12:38:50.239461;Steam move: odds dropped -8.6% | Sustained odds drop: 1.87 → 1.71 (-8.6%) | Strong drop >8% | Other outcomes rising while this drops — market consensus | 100 snapshots — robust data
2026-02-08T12:38:49.315629;Seravezza Pozzi|Camaiore;Seravezza Pozzi;Camaiore;17:00;STEAM;1;1.49;1.63;-0.0859;0.85;0.0859;174;flat;1.0;;;;Steam move: odds dropped -8.6% | Sustained odds drop: 1.63 → 1.49 (-8.6%) | Strong drop >8% | Other outcomes rising while this drops — market consensus | 174 snapshots — robust data
2026-02-08T12:38:49.318326;Ciudad de Madrid|CD Mostoles;Ciudad de Madrid;CD Mostoles;17:30;STEAM;2;1.28;1.47;-0.1293;0.85;0.1293;173;flat;1.0;;;;Steam move: odds dropped -12.9% | Sustained odds drop: 1.47 → 1.28 (-12.9%) | Strong drop >8% | Other outcomes rising while this drops — market consensus | 173 snapshots — robust data
2026-02-08T12:38:49.320664;Barcelona B|Barbastro;Barcelona B;Barbastro;18:00;STEAM;1;1.2;1.32;-0.0909;0.85;0.0909;173;flat;1.0;;;;Steam move: odds dropped -9.1% | Sustained odds drop: 1.32 → 1.20 (-9.1%) | Strong drop >8% | Other outcomes rising while this drops — market consensus | 173 snapshots — robust data
2026-02-08T12:38:49.323243;COD Meknes|Raja Casablanca;COD Meknes;Raja Casablanca;18:00;STEAM;2;1.84;2.18;-0.156;0.85;0.156;173;flat;1.0;;;;Steam move: odds dropped -15.6% | Sustained odds drop: 2.18 → 1.84 (-15.6%) | Strong drop >8% | Other outcomes rising while this drops — market consensus | 173 snapshots — robust data
2026-02-08T12:38:49.325987;Kvik Halden (Nor)|Arendal (Nor);Kvik Halden (Nor);Arendal (Nor);18:00;STEAM;2;1.66;1.9;-0.1263;0.85;0.1263;101;flat;1.0;loss;-1.0;2026-02-08T12:38:50.252023;Steam move: odds dropped -12.6% | Sustained odds drop: 1.90 → 1.66 (-12.6%) | Strong drop >8% | Other outcomes rising while this drops — market consensus | 101 snapshots — robust data
2026-02-08T12:38:49.329312;Rapperswil-Jona|Yverdon;Rapperswil-Jona;Yverdon;18:00;STEAM;1;2.27;2.61;-0.1303;0.85;0.1303;100;flat;1.0;loss;-1.0;2026-02-08T12:38:50.253761;Steam move: odds dropped -13.0% | Sustained odds drop: 2.61 → 2.27 (-13.0%) | Strong drop >8% | Other outcomes rising while this drops — market consensus | 100 snapshots — robust data
2026-02-08T12:38:49.333463;Union Touarga|Hassania Agadir;Union Touarga;Hassania Agadir;18:00;STEAM;1;2.03;2.23;-0.0897;0.85;0.0897;100;flat;1.0;loss;-1.0;2026-02-08T12:38:50.254551;Steam move: odds dropped -9.0% | Sustained odds drop: 2.23 → 2.03 (-9.0%) | Strong drop >8% | Other outcomes rising while this drops — market consensus | 100 snapshots — robust data
2026-02-08T12:38:49.338024;Club Siero|Gijon B;Club Siero;Gijon B;18:30;STEAM;2;1.37;1.51;-0.0927;0.85;0.0927;96;flat;1.0;win;0.37;2026-02-08T12:38:50.255452;Steam move: odds dropped -9.3% | Sustained odds drop: 1.51 → 1.37 (-9.3%) | Strong drop >8% | Other outcomes rising while this drops — market consensus | 96 snapshots — robust data
2026-02-08T12:38:49.340383;Hercules B|Recambios Colon;Hercules B;Recambios Colon;18:30;STEAM;1;2.08;2.31;-0.0996;0.85;0.0996;95;flat;1.0;win;1.08;2026-02-08T12:38:50.255830;Steam move: odds dropped -10.0% | Sustained odds drop: 2.31 → 2.08 (-10.0%) | Strong drop >8% | Other outcomes rising while this drops — market consensus | 95 snapshots — robust data
2026-02-08T12:38:49.342396;Leixoes|Feirense;Leixoes;Feirense;19:00;STEAM;1;2.41;2.63;-0.0837;0.85;0.0837;89;flat;1.0;win;1.41;2026-02-08T12:38:50.256795;Steam move: odds dropped -8.4% | Sustained odds drop: 2.63 → 2.41 (-8.4%) | Strong drop >8% | Other outcomes rising while this drops — market consensus | 89 snapshots — robust data
2026-02-08T12:38:49.362022;Zabbar|Marsaxlokk;Zabbar;Marsaxlokk;19:00;STEAM;2;1.57;1.92;-0.1823;0.85;0.1823;88;flat;1.0;win;0.57;2026-02-08T12:38:50.257129;Steam move: odds dropped -18.2% | Sustained odds drop: 1.92 → 1.57 (-18.2%) | Strong drop >8% | Other outcomes rising while this drops — market consensus | 88 snapshots — robust data
2026-02-08T12:38:49.367494;Juazeirense|Bahia;Juazeirense;Bahia;20:00;STEAM;2;1.54;1.72;-0.1047;0.85;0.1047;173;flat;1.0;;;;Steam move: odds dropped -10.5% | Sustained odds drop: 1.72 → 1.54 (-10.5%) | Strong drop >8% | Other outcomes rising while this drops — market consensus | 173 snapshots — robust data
2026-02-08T12:38:49.370587;Grasshoppers|Young Boys;Grasshoppers;Young Boys;20:30;STEAM;2;1.79;2.11;-0.1517;0.85;0.1517;79;flat;1.0;loss;-1.0;2026-02-08T12:38:50.263481;Steam move: odds dropped -15.2% | Sustained odds drop: 2.11 → 1.79 (-15.2%) | Strong drop >8% | Other outcomes rising while this drops — market consensus | 79 snapshots — robust data
2026-02-08T12:38:49.373222;Universidad O&M|Moca;Universidad O&M;Moca;20:30;STEAM;2;2.27;2.87;-0.2091;0.85;0.2091;80;flat;1.0;loss;-1.0;2026-02-08T12:38:50.263898;Steam move: odds dropped -20.9% | Sustained odds drop: 2.87 → 2.27 (-20.9%) | Strong drop >8% | Other outcomes rising while this drops — market consensus | 80 snapshots — robust data
2026-02-08T12:38:49.375318;Eldense|Sabadell;Eldense;Sabadell;21:00;STEAM;1;2.28;2.76;-0.1739;0.85;0.1739;74;flat;1.0;win;1.28;2026-02-08T12:38:50.265150;Steam move: odds dropped -17.4% | Sustained odds drop: 2.76 → 2.28 (-17.4%) | Strong drop >8% | Other outcomes rising while this drops — market consensus | 74 snapshots — robust data
2026-02-08T12:38:49.377974;Sousa|Atl. Cajazeirense;Sousa;Atl. Cajazeirense;21:00;STEAM;1;1.54;1.73;-0.1098;0.85;0.1098;76;flat;1.0;win;0.54;2026-02-08T12:38:50.265731;Steam move: odds dropped -11.0% | Sustained odds drop: 1.73 → 1.54 (-11.0%) | Strong drop >8% | Other outcomes rising while this drops — market consensus | 76 snapshots — robust data
2026-02-08T12:38:49.380983;U. Magdalena|Boca Juniors;U. Magdalena;Boca Juniors;22:00;STEAM;1;1.47;1.61;-0.087;0.85;0.087;42;flat;1.0;;;;Steam move: odds dropped -8.7% | Sustained odds drop: 1.61 → 1.47 (-8.7%) | Strong drop >8% | Other outcomes rising while this drops — market consensus | 42 snapshots — robust data
2026-02-08T12:38:49.383611;Vasco|Botafogo RJ;Vasco;Botafogo RJ;22:00;STEAM;1;1.73;2.11;-0.1801;0.85;0.1801;173;flat;1.0;;;;Steam move: odds dropped -18.0% | Sustained odds drop: 2.11 → 1.73 (-18.0%) | Strong drop >8% | Other outcomes rising while this drops — market consensus | 173 snapshots — robust data
2026-02-08T12:38:49.385958;Carmelita|CS Uruguay;Carmelita;CS Uruguay;23:00;STEAM;1;2.06;2.32;-0.1121;0.85;0.1121;90;flat;1.0;;;;Steam move: odds dropped -11.2% | Sustained odds drop: 2.32 → 2.06 (-11.2%) | Strong drop >8% | Other outcomes rising while this drops — market consensus | 90 snapshots — robust data
2026-02-08T12:38:49.389717;Altinordu|Ankaragucu;Altinordu;Ankaragucu;13:00;STEAM;2;1.69;1.8;-0.0611;0.8;0.0611;216;flat;1.0;;;;Steam move: odds dropped -6.1% | Sustained odds drop: 1.80 → 1.69 (-6.1%) | Other outcomes rising while this drops — market consensus | Only 22 min to kick-off — late data is more reliable | 216 snapshots — robust data
2026-02-08T12:38:49.392706;Las Palmas B|CD Coria;Las Palmas B;CD Coria;13:00;STEAM;1;2.19;2.35;-0.0681;0.8;0.0681;216;flat;1.0;;;;Steam move: odds dropped -6.8% | Sustained odds drop: 2.35 → 2.19 (-6.8%) | Other outcomes rising while this drops — market consensus | Only 22 min to kick-off — late data is more reliable | 216 snapshots — robust data
2026-02-08T12:38:49.397340;Persija Jakarta|Arema FC;Persija Jakarta;Arema FC;13:00;STEAM;1;1.35;1.44;-0.0625;0.8;0.0625;217;flat;1.0;;;;Steam move: odds dropped -6.2% | Sustained odds drop: 1.44 → 1.35 (-6.2%) | Other outcomes rising while this drops — market consensus | Only 22 min to kick-off — late data is more reliable | 217 snapshots — robust data
2026-02-08T12:38:49.406571;Persijap Jepara|Madura United;Persijap Jepara;Madura United;13:00;STEAM;1;2.15;2.29;-0.0611;0.8;0.0611;176;flat;1.0;win;1.15;2026-02-08T12:38:50.286440;Steam move: odds dropped -6.1% | Sustained odds drop: 2.29 → 2.15 (-6.1%) | Other outcomes rising while this drops — market consensus | Only 22 min to kick-off — late data is more reliable | 176 snapshots — robust data
2026-02-08T12:38:49.409468;Reading U21|Stoke City U21;Reading U21;Stoke City U21;13:00;STEAM;1;1.52;1.61;-0.0559;0.8;0.0559;175;flat;1.0;win;0.52;2026-02-08T12:38:50.288224;Steam move: odds dropped -5.6% | Sustained odds drop: 1.61 → 1.52 (-5.6%) | Other outcomes rising while this drops — market consensus | Only 22 min to kick-off — late data is more reliable | 175 snapshots — robust data
2026-02-08T12:38:49.412230;Telde|Tenerife C;Telde;Tenerife C;13:00;STEAM;2;1.69;1.84;-0.0815;0.8;0.0815;68;flat;1.0;;;;Steam move: odds dropped -8.2% | Sustained odds drop: 1.84 → 1.69 (-8.2%) | Strong drop >8% | Only 22 min to kick-off — late data is more reliable | 68 snapshots — robust data
2026-02-08T12:38:49.418667;Usak Belediyespor|Eskisehirspor;Usak Belediyespor;Eskisehirspor;13:00;STEAM;2;1.63;1.75;-0.0686;0.8;0.0686;216;flat;1.0;;;;Steam move: odds dropped -6.9% | Sustained odds drop: 1.75 → 1.63 (-6.9%) | Other outcomes rising while this drops — market consensus | Only 22 min to kick-off — late data is more reliable | 216 snapshots — robust data
2026-02-08T12:38:49.420995;Ho Chi Minh|Thanh Hoa;Ho Chi Minh;Thanh Hoa;13:15;STEAM;1;1.52;1.63;-0.0675;0.7;0.0675;215;flat;1.0;;;;Steam move: odds dropped -6.8% | Sustained odds drop: 1.63 → 1.52 (-6.8%) | Other outcomes rising while this drops — market consensus | 215 snapshots — robust data
2026-02-08T12:38:49.423569;Arminia Bielefeld|Braunschweig;Arminia Bielefeld;Braunschweig;13:30;STEAM;1;1.9;2.02;-0.0594;0.7;0.0594;213;flat;1.0;;;;Steam move: odds dropped -5.9% | Sustained odds drop: 2.02 → 1.90 (-5.9%) | Other outcomes rising while this drops — market consensus | 213 snapshots — robust data
2026-02-08T12:38:49.427298;Besa Kavaje|AF Luftetari;Besa Kavaje;AF Luftetari;13:30;STEAM;1;1.32;1.42;-0.0704;0.7;0.0704;215;flat;1.0;;;;Steam move: odds dropped -7.0% | Sustained odds drop: 1.42 → 1.32 (-7.0%) | Other outcomes rising while this drops — market consensus | 215 snapshots — robust data
2026-02-08T12:38:49.430682;Hannover|Holstein Kiel;Hannover;Holstein Kiel;13:30;STEAM;1;1.66;1.76;-0.0568;0.7;0.0568;213;flat;1.0;;;;Steam move: odds dropped -5.7% | Sustained odds drop: 1.76 → 1.66 (-5.7%) | Other outcomes rising while this drops — market consensus | 213 snapshots — robust data
2026-02-08T12:38:49.433460;Lokomotiv Moscow (Rus)|Yelimay Semey (Kaz);Lokomotiv Moscow (Rus);Yelimay Semey (Kaz);13:30;STEAM;1;1.36;1.44;-0.0556;0.7;0.0556;41;flat;1.0;;;;Steam move: odds dropped -5.6% | Sustained odds drop: 1.44 → 1.36 (-5.6%) | Other outcomes rising while this drops — market consensus | 41 snapshots — robust data
2026-02-08T12:38:49.436005;Mes Rafsanjan|Esteghlal Khuzestan;Mes Rafsanjan;Esteghlal Khuzestan;13:30;STEAM;1;2.24;2.54;-0.1181;0.7;0.1181;178;flat;1.0;loss;-1.0;2026-02-08T12:38:50.298133;Steam move: odds dropped -11.8% | Sustained odds drop: 2.54 → 2.24 (-11.8%) | Strong drop >8% | 178 snapshots — robust data
2026-02-08T12:38:49.438525;ASIL Lysi|Ayia Napa;ASIL Lysi;Ayia Napa;14:00;STEAM;1;2.02;2.48;-0.1855;0.7;0.1855;212;flat;1.0;;;;Steam move: odds dropped -18.6% | Sustained odds drop: 2.48 → 2.02 (-18.6%) | Strong drop >8% | 212 snapshots — robust data
2026-02-08T12:38:49.446161;Highbury|Sekhukhune;Highbury;Sekhukhune;14:00;STEAM;2;1.63;1.72;-0.0523;0.7;0.0523;170;flat;1.0;win;0.63;2026-02-08T12:38:50.305284;Steam move: odds dropped -5.2% | Sustained odds drop: 1.72 → 1.63 (-5.2%) | Other outcomes rising while this drops — market consensus | 170 snapshots — robust data
2026-02-08T12:38:49.449813;Mkhambathi|Lerumo Lions;Mkhambathi;Lerumo Lions;14:00;STEAM;2;1.99;2.14;-0.0701;0.7;0.0701;211;flat;1.0;;;;Steam move: odds dropped -7.0% | Sustained odds drop: 2.14 → 1.99 (-7.0%) | Other outcomes rising while this drops — market consensus | 211 snapshots — robust data
2026-02-08T12:38:49.454032;PAEEK|Doxa;PAEEK;Doxa;14:00;STEAM;1;1.94;2.05;-0.0537;0.7;0.0537;201;flat;1.0;loss;-1.0;2026-02-08T12:38:50.313664;Steam move: odds dropped -5.4% | Sustained odds drop: 2.05 → 1.94 (-5.4%) | Other outcomes rising while this drops — market consensus | 201 snapshots — robust data
2026-02-08T12:38:49.473756;Servette|Thun;Servette;Thun;14:00;STEAM;1;2.12;2.34;-0.094;0.7;0.094;211;flat;1.0;;;;Steam move: odds dropped -9.4% | Sustained odds drop: 2.34 → 2.12 (-9.4%) | Strong drop >8% | 211 snapshots — robust data
2026-02-08T12:38:49.476128;Silkeborg|Viborg;Silkeborg;Viborg;14:00;STEAM;2;2.17;2.32;-0.0647;0.7;0.0647;212;flat;1.0;;;;Steam move: odds dropped -6.5% | Sustained odds drop: 2.32 → 2.17 (-6.5%) | Other outcomes rising while this drops — market consensus | 212 snapshots — robust data
2026-02-08T12:38:49.478433;Sohar|Sur Club;Sohar;Sur Club;14:20;STEAM;1;1.9;2.05;-0.0732;0.7;0.0732;211;flat;1.0;;;;Steam move: odds dropped -7.3% | Sustained odds drop: 2.05 → 1.90 (-7.3%) | Other outcomes rising while this drops — market consensus | 211 snapshots — robust data
2026-02-08T12:38:49.482431;A.C.D. Nardo|Citta di Fasano;A.C.D. Nardo;Citta di Fasano;14:30;STEAM;2;2.38;2.8;-0.15;0.7;0.15;179;flat;1.0;;;;Steam move: odds dropped -15.0% | Sustained odds drop: 2.80 → 2.38 (-15.0%) | Strong drop >8% | 179 snapshots — robust data
2026-02-08T12:38:49.485909;AS Fap|Atlantic;AS Fap;Atlantic;14:30;STEAM;1;2.24;2.61;-0.1418;0.7;0.1418;211;flat;1.0;;;;Steam move: odds dropped -14.2% | Sustained odds drop: 2.61 → 2.24 (-14.2%) | Strong drop >8% | 211 snapshots — robust data
2026-02-08T12:38:49.490034;Atletico Ascoli|San Marino Calcio;Atletico Ascoli;San Marino Calcio;14:30;STEAM;1;1.51;1.61;-0.0621;0.7;0.0621;189;flat;1.0;;;;Steam move: odds dropped -6.2% | Sustained odds drop: 1.61 → 1.51 (-6.2%) | Other outcomes rising while this drops — market consensus | 189 snapshots — robust data
2026-02-08T12:38:49.492782;Excelsior Maassluis|Spakenburg;Excelsior Maassluis;Spakenburg;14:30;STEAM;2;1.93;2.07;-0.0676;0.7;0.0676;172;flat;1.0;loss;-1.0;2026-02-08T12:38:50.332616;Steam move: odds dropped -6.8% | Sustained odds drop: 2.07 → 1.93 (-6.8%) | Other outcomes rising while this drops — market consensus | 172 snapshots — robust data
2026-02-08T12:38:49.498182;G.A. Eagles|Telstar;G.A. Eagles;Telstar;14:30;STEAM;1;1.79;1.9;-0.0579;0.7;0.0579;179;flat;1.0;;;;Steam move: odds dropped -5.8% | Sustained odds drop: 1.90 → 1.79 (-5.8%) | Other outcomes rising while this drops — market consensus | 179 snapshots — robust data
2026-02-08T12:38:49.501287;GVVV|HFC;GVVV;HFC;14:30;STEAM;1;1.79;1.91;-0.0628;0.7;0.0628;171;flat;1.0;win;0.79;2026-02-08T12:38:50.337276;Steam move: odds dropped -6.3% | Sustained odds drop: 1.91 → 1.79 (-6.3%) | Other outcomes rising while this drops — market consensus | 171 snapshots — robust data
2026-02-08T12:38:49.503966;Habay La Neuve|Namur;Habay La Neuve;Namur;14:30;STEAM;1;1.55;1.66;-0.0663;0.7;0.0663;211;flat;1.0;;;;Steam move: odds dropped -6.6% | Sustained odds drop: 1.66 → 1.55 (-6.6%) | Other outcomes rising while this drops — market consensus | 211 snapshots — robust data
2026-02-08T12:38:49.507333;Jaro|AC Oulu;Jaro;AC Oulu;14:30;STEAM;2;1.71;1.89;-0.0952;0.7;0.0952;172;flat;1.0;win;0.71;2026-02-08T12:38:50.344718;Steam move: odds dropped -9.5% | Sustained odds drop: 1.89 → 1.71 (-9.5%) | Strong drop >8% | 172 snapshots — robust data
2026-02-08T12:38:49.511140;Le Mans W|Saint-Malo W;Le Mans W;Saint-Malo W;14:30;STEAM;1;2.13;2.34;-0.0897;0.7;0.0897;211;flat;1.0;;;;Steam move: odds dropped -9.0% | Sustained odds drop: 2.34 → 2.13 (-9.0%) | Strong drop >8% | 211 snapshots — robust data
2026-02-08T12:38:49.514882;Nice W|Guingamp W;Nice W;Guingamp W;14:30;STEAM;1;1.52;1.65;-0.0788;0.7;0.0788;211;flat;1.0;;;;Steam move: odds dropped -7.9% | Sustained odds drop: 1.65 → 1.52 (-7.9%) | Other outcomes rising while this drops — market consensus | 211 snapshots — robust data
2026-02-08T12:38:49.518289;Pompei|Barletta;Pompei;Barletta;14:30;STEAM;2;1.63;1.83;-0.1093;0.7;0.1093;179;flat;1.0;;;;Steam move: odds dropped -10.9% | Sustained odds drop: 1.83 → 1.63 (-10.9%) | Strong drop >8% | 179 snapshots — robust data
2026-02-08T12:38:49.522543;Portogruaro|Mestre;Portogruaro;Mestre;14:30;STEAM;2;1.39;1.5;-0.0733;0.7;0.0733;208;flat;1.0;;;;Steam move: odds dropped -7.3% | Sustained odds drop: 1.50 → 1.39 (-7.3%) | Other outcomes rising while this drops — market consensus | 208 snapshots — robust data
2026-02-08T12:38:49.526136;Pro Sesto|Sasso Marconi;Pro Sesto;Sasso Marconi;14:30;STEAM;1;1.45;1.54;-0.0584;0.7;0.0584;208;flat;1.0;;;;Steam move: odds dropped -5.8% | Sustained odds drop: 1.54 → 1.45 (-5.8%) | Other outcomes rising while this drops — market consensus | 208 snapshots — robust data
2026-02-08T12:38:49.530285;Rukh Lviv (Ukr)|Rudes (Cro);Rukh Lviv (Ukr);Rudes (Cro);14:30;STEAM;1;2.28;2.88;-0.2083;0.7;0.2083;174;flat;1.0;loss;-1.0;2026-02-08T12:38:50.359223;Steam move: odds dropped -20.8% | Sustained odds drop: 2.88 → 2.28 (-20.8%) | Strong drop >8% | 174 snapshots — robust data
2026-02-08T12:38:49.533370;UNA|Roosendaal;UNA;Roosendaal;14:30;STEAM;2;1.99;2.39;-0.1674;0.7;0.1674;179;flat;1.0;;;;Steam move: odds dropped -16.7% | Sustained odds drop: 2.39 → 1.99 (-16.7%) | Strong drop >8% | 179 snapshots — robust data
2026-02-08T12:38:49.535936;Al Jahra|Al Salmiya;Al Jahra;Al Salmiya;14:40;STEAM;2;1.49;1.57;-0.051;0.7;0.051;169;flat;1.0;win;0.49;2026-02-08T12:38:50.362961;Steam move: odds dropped -5.1% | Sustained odds drop: 1.57 → 1.49 (-5.1%) | Other outcomes rising while this drops — market consensus | 169 snapshots — robust data
2026-02-08T12:38:49.538259;Al Riffa|Al-Hidd;Al Riffa;Al-Hidd;14:45;STEAM;1;1.34;1.44;-0.0694;0.7;0.0694;169;flat;1.0;loss;-1.0;2026-02-08T12:38:50.363746;Steam move: odds dropped -6.9% | Sustained odds drop: 1.44 → 1.34 (-6.9%) | Other outcomes rising while this drops — market consensus | 169 snapshots — robust data
2026-02-08T12:38:49.540894;ACR Messina|Enna;ACR Messina;Enna;15:00;STEAM;1;1.73;1.85;-0.0649;0.7;0.0649;177;flat;1.0;;;;Steam move: odds dropped -6.5% | Sustained odds drop: 1.85 → 1.73 (-6.5%) | Other outcomes rising while this drops — market consensus | 177 snapshots — robust data
2026-02-08T12:38:49.544559;Al Sahel|Nejmeh SC;Al Sahel;Nejmeh SC;15:00;STEAM;2;1.47;1.57;-0.0637;0.7;0.0637;174;flat;1.0;loss;-1.0;2026-02-08T12:38:50.369155;Steam move: odds dropped -6.4% | Sustained odds drop: 1.57 → 1.47 (-6.4%) | Other outcomes rising while this drops — market consensus | 174 snapshots — robust data
2026-02-08T12:38:49.547601;Baglan Dragons|Aberystwyth;Baglan Dragons;Aberystwyth;15:00;STEAM;2;2.26;2.39;-0.0544;0.7;0.0544;173;flat;1.0;win;1.26;2026-02-08T12:38:50.373928;Steam move: odds dropped -5.4% | Sustained odds drop: 2.39 → 2.26 (-5.4%) | Other outcomes rising while this drops — market consensus | 173 snapshots — robust data
2026-02-08T12:38:49.553296;Boom|Bocholter;Boom;Bocholter;15:00;STEAM;2;2.01;2.4;-0.1625;0.7;0.1625;179;flat;1.0;;;;Steam move: odds dropped -16.2% | Sustained odds drop: 2.40 → 2.01 (-16.2%) | Strong drop >8% | 179 snapshots — robust data
2026-02-08T12:38:49.556884;Catanzaro|Reggiana;Catanzaro;Reggiana;15:00;STEAM;1;1.68;1.79;-0.0615;0.7;0.0615;173;flat;1.0;win;0.68;2026-02-08T12:38:50.380987;Steam move: odds dropped -6.2% | Sustained odds drop: 1.79 → 1.68 (-6.2%) | Other outcomes rising while this drops — market consensus | 173 snapshots — robust data
2026-02-08T12:38:49.560342;Cercle Brugge KSV 2|SK Roeselare;Cercle Brugge KSV 2;SK Roeselare;15:00;STEAM;1;2.35;2.75;-0.1455;0.7;0.1455;179;flat;1.0;;;;Steam move: odds dropped -14.5% | Sustained odds drop: 2.75 → 2.35 (-14.5%) | Strong drop >8% | 179 snapshots — robust data
2026-02-08T12:38:49.563032;IJsselmeervogels|Rijnsburgse Boys;IJsselmeervogels;Rijnsburgse Boys;15:00;STEAM;2;1.57;1.68;-0.0655;0.7;0.0655;174;flat;1.0;loss;-1.0;2026-02-08T12:38:50.383229;Steam move: odds dropped -6.6% | Sustained odds drop: 1.68 → 1.57 (-6.6%) | Other outcomes rising while this drops — market consensus | 174 snapshots — robust data
2026-02-08T12:38:49.566854;Bafang|Victoria United;Bafang;Victoria United;15:30;STEAM;1;2.38;2.64;-0.0985;0.7;0.0985;177;flat;1.0;;;;Steam move: odds dropped -9.8% | Sustained odds drop: 2.64 → 2.38 (-9.8%) | Strong drop >8% | 177 snapshots — robust data
2026-02-08T12:38:49.572049;Inter W|Fiorentina W;Inter W;Fiorentina W;15:45;STEAM;1;1.84;1.99;-0.0754;0.7;0.0754;177;flat;1.0;;;;Steam move: odds dropped -7.5% | Sustained odds drop: 1.99 → 1.84 (-7.5%) | Other outcomes rising while this drops — market consensus | 177 snapshots — robust data
2026-02-08T12:38:49.576419;Al Khor|Lusail;Al Khor;Lusail;16:00;STEAM;1;1.92;2.22;-0.1351;0.7;0.1351;176;flat;1.0;;;;Steam move: odds dropped -13.5% | Sustained odds drop: 2.22 → 1.92 (-13.5%) | Strong drop >8% | 176 snapshots — robust data
2026-02-08T12:38:49.584870;Bendel|Enyimba;Bendel;Enyimba;16:00;STEAM;1;1.54;1.64;-0.061;0.7;0.061;105;flat;1.0;win;0.54;2026-02-08T12:38:50.395109;Steam move: odds dropped -6.1% | Sustained odds drop: 1.64 → 1.54 (-6.1%) | Other outcomes rising while this drops — market consensus | 105 snapshots — robust data
2026-02-08T12:38:49.591483;Dudelange|Kaerjeng;Dudelange;Kaerjeng;16:00;STEAM;1;1.29;1.36;-0.0515;0.7;0.0515;176;flat;1.0;;;;Steam move: odds dropped -5.1% | Sustained odds drop: 1.36 → 1.29 (-5.1%) | Other outcomes rising while this drops — market consensus | 176 snapshots — robust data
2026-02-08T12:38:49.596669;Edinburgh City|East Kilbride;Edinburgh City;East Kilbride;16:00;STEAM;2;1.85;1.95;-0.0513;0.7;0.0513;103;flat;1.0;win;0.85;2026-02-08T12:38:50.397733;Steam move: odds dropped -5.1% | Sustained odds drop: 1.95 → 1.85 (-5.1%) | Other outcomes rising while this drops — market consensus | 103 snapshots — robust data
2026-02-08T12:38:49.601145;Inter Ibiza|Alcudia;Inter Ibiza;Alcudia;16:00;STEAM;1;1.86;1.99;-0.0653;0.7;0.0653;112;flat;1.0;win;0.86;2026-02-08T12:38:50.399211;Steam move: odds dropped -6.5% | Sustained odds drop: 1.99 → 1.86 (-6.5%) | Other outcomes rising while this drops — market consensus | 112 snapshots — robust data
2026-02-08T12:38:49.605120;Leek|Gainsborough;Leek;Gainsborough;16:00;STEAM;2;1.92;2.03;-0.0542;0.7;0.0542;107;flat;1.0;loss;-1.0;2026-02-08T12:38:50.401266;Steam move: odds dropped -5.4% | Sustained odds drop: 2.03 → 1.92 (-5.4%) | Other outcomes rising while this drops — market consensus | 107 snapshots — robust data
2026-02-08T12:38:49.609709;Lossiemouth|Fraserburgh;Lossiemouth;Fraserburgh;16:00;STEAM;2;1.2;1.27;-0.0551;0.7;0.0551;113;flat;1.0;win;0.2;2026-02-08T12:38:50.402342;Steam move: odds dropped -5.5% | Sustained odds drop: 1.27 → 1.20 (-5.5%) | Other outcomes rising while this drops — market consensus | 113 snapshots — robust data
2026-02-08T12:38:49.620128;Machico|Chaves B;Machico;Chaves B;16:00;STEAM;1;2.14;2.69;-0.2045;0.7;0.2045;176;flat;1.0;;;;Steam move: odds dropped -20.4% | Sustained odds drop: 2.69 → 2.14 (-20.4%) | Strong drop >8% | 176 snapshots — robust data
2026-02-08T12:38:49.639973;Oriental|Malveira;Oriental;Malveira;16:00;STEAM;2;2.44;2.77;-0.1191;0.7;0.1191;176;flat;1.0;;;;Steam move: odds dropped -11.9% | Sustained odds drop: 2.77 → 2.44 (-11.9%) | Strong drop >8% | 176 snapshots — robust data
2026-02-08T12:38:49.647699;Villarreal W|CA Osasuna W;Villarreal W;CA Osasuna W;16:00;STEAM;2;2.22;2.45;-0.0939;0.7;0.0939;103;flat;1.0;loss;-1.0;2026-02-08T12:38:50.408720;Steam move: odds dropped -9.4% | Sustained odds drop: 2.45 → 2.22 (-9.4%) | Strong drop >8% | 103 snapshots — robust data
2026-02-08T12:38:49.650709;Zuera|Binefar;Zuera;Binefar;16:00;STEAM;2;1.96;2.13;-0.0798;0.7;0.0798;69;flat;1.0;;;;Steam move: odds dropped -8.0% | Sustained odds drop: 2.13 → 1.96 (-8.0%) | Other outcomes rising while this drops — market consensus | 69 snapshots — robust data
2026-02-08T12:38:49.653398;Plymouth|Lincoln;Plymouth;Lincoln;16:01;STEAM;2;2.38;2.53;-0.0593;0.7;0.0593;102;flat;1.0;win;1.38;2026-02-08T12:38:50.411985;Steam move: odds dropped -5.9% | Sustained odds drop: 2.53 → 2.38 (-5.9%) | Other outcomes rising while this drops — market consensus | 102 snapshots — robust data
2026-02-08T12:38:49.656439;Selaya|Torrelavega;Selaya;Torrelavega;16:15;STEAM;2;1.25;1.32;-0.053;0.7;0.053;175;flat;1.0;;;;Steam move: odds dropped -5.3% | Sustained odds drop: 1.32 → 1.25 (-5.3%) | Other outcomes rising while this drops — market consensus | 175 snapshots — robust data
2026-02-08T12:38:49.665461;Al-Faisaly Amman|Al Wehdat;Al-Faisaly Amman;Al Wehdat;16:30;STEAM;1;2.45;2.74;-0.1058;0.7;0.1058;102;flat;1.0;loss;-1.0;2026-02-08T12:38:50.415580;Steam move: odds dropped -10.6% | Sustained odds drop: 2.74 → 2.45 (-10.6%) | Strong drop >8% | 102 snapshots — robust data
2026-02-08T12:38:49.668575;Izarra|Valle Egues;Izarra;Valle Egues;16:30;STEAM;1;1.51;1.61;-0.0621;0.7;0.0621;102;flat;1.0;loss;-1.0;2026-02-08T12:38:50.416970;Steam move: odds dropped -6.2% | Sustained odds drop: 1.61 → 1.51 (-6.2%) | Other outcomes rising while this drops — market consensus | 102 snapshots — robust data
2026-02-08T12:38:49.672515;Valladolid Promesas|Real Avila;Valladolid Promesas;Real Avila;16:30;STEAM;2;2.48;2.65;-0.0642;0.7;0.0642;101;flat;1.0;loss;-1.0;2026-02-08T12:38:50.417317;Steam move: odds dropped -6.4% | Sustained odds drop: 2.65 → 2.48 (-6.4%) | Other outcomes rising while this drops — market consensus | 101 snapshots — robust data
2026-02-08T12:38:49.675742;Groningen|PSV;Groningen;PSV;16:45;STEAM;2;1.6;1.72;-0.0698;0.7;0.0698;174;flat;1.0;;;;Steam move: odds dropped -7.0% | Sustained odds drop: 1.72 → 1.60 (-7.0%) | Other outcomes rising while this drops — market consensus | 174 snapshots — robust data
2026-02-08T12:38:49.679170;Bidezarra|Pena;Bidezarra;Pena;17:00;STEAM;2;1.61;1.86;-0.1344;0.7;0.1344;174;flat;1.0;;;;Steam move: odds dropped -13.4% | Sustained odds drop: 1.86 → 1.61 (-13.4%) | Strong drop >8% | 174 snapshots — robust data
2026-02-08T12:38:49.681895;Castro|Cayon;Castro;Cayon;17:00;STEAM;2;2.11;2.24;-0.058;0.7;0.058;174;flat;1.0;;;;Steam move: odds dropped -5.8% | Sustained odds drop: 2.24 → 2.11 (-5.8%) | Other outcomes rising while this drops — market consensus | 174 snapshots — robust data
2026-02-08T12:38:49.684388;Colombe|Fortuna Mfou;Colombe;Fortuna Mfou;17:00;STEAM;1;1.5;1.62;-0.0741;0.7;0.0741;174;flat;1.0;;;;Steam move: odds dropped -7.4% | Sustained odds drop: 1.62 → 1.50 (-7.4%) | Other outcomes rising while this drops — market consensus | 174 snapshots — robust data
2026-02-08T12:38:49.687058;Dep. Fabril|Sarriana;Dep. Fabril;Sarriana;17:00;STEAM;1;1.4;1.5;-0.0667;0.7;0.0667;100;flat;1.0;win;0.4;2026-02-08T12:38:50.427165;Steam move: odds dropped -6.7% | Sustained odds drop: 1.50 → 1.40 (-6.7%) | Other outcomes rising while this drops — market consensus | 100 snapshots — robust data
2026-02-08T12:38:49.691235;Dijon W|Nantes W;Dijon W;Nantes W;17:00;STEAM;1;2.08;2.21;-0.0588;0.7;0.0588;100;flat;1.0;loss;-1.0;2026-02-08T12:38:50.428055;Steam move: odds dropped -5.9% | Sustained odds drop: 2.21 → 2.08 (-5.9%) | Other outcomes rising while this drops — market consensus | 100 snapshots — robust data
2026-02-08T12:38:49.693962;Lorca Deportiva|UCAM Murcia;Lorca Deportiva;UCAM Murcia;17:00;STEAM;2;2.31;2.5;-0.076;0.7;0.076;174;flat;1.0;;;;Steam move: odds dropped -7.6% | Sustained odds drop: 2.50 → 2.31 (-7.6%) | Other outcomes rising while this drops — market consensus | 174 snapshots — robust data
2026-02-08T12:38:49.696663;Stade Malien (Mli)|Esperance Tunis (Tun);Stade Malien (Mli);Esperance Tunis (Tun);17:00;STEAM;2;1.97;2.23;-0.1166;0.7;0.1166;174;flat;1.0;;;;Steam move: odds dropped -11.7% | Sustained odds drop: 2.23 → 1.97 (-11.7%) | Strong drop >8% | 174 snapshots — robust data
2026-02-08T12:38:49.699663;Angers|Toulouse;Angers;Toulouse;17:15;STEAM;2;2.08;2.19;-0.0502;0.7;0.0502;174;flat;1.0;;;;Steam move: odds dropped -5.0% | Sustained odds drop: 2.19 → 2.08 (-5.0%) | Other outcomes rising while this drops — market consensus | 174 snapshots — robust data
2026-02-08T12:38:49.702040;Azuqueca|La Solana;Azuqueca;La Solana;17:30;STEAM;1;2.08;2.19;-0.0502;0.7;0.0502;83;flat;1.0;loss;-1.0;2026-02-08T12:38:50.433557;Steam move: odds dropped -5.0% | Sustained odds drop: 2.19 → 2.08 (-5.0%) | Other outcomes rising while this drops — market consensus | 83 snapshots — robust data
2026-02-08T12:38:49.704948;Caudal Deportivo|L'Entregu;Caudal Deportivo;L'Entregu;17:30;STEAM;1;1.55;1.67;-0.0719;0.7;0.0719;173;flat;1.0;;;;Steam move: odds dropped -7.2% | Sustained odds drop: 1.67 → 1.55 (-7.2%) | Other outcomes rising while this drops — market consensus | 173 snapshots — robust data
2026-02-08T12:38:49.707577;Guediawaye|Mbour;Guediawaye;Mbour;17:30;STEAM;2;2.49;2.65;-0.0604;0.7;0.0604;174;flat;1.0;;;;Steam move: odds dropped -6.0% | Sustained odds drop: 2.65 → 2.49 (-6.0%) | Other outcomes rising while this drops — market consensus | 174 snapshots — robust data
2026-02-08T12:38:49.711390;Herbania|Arucas;Herbania;Arucas;17:30;STEAM;2;2.48;2.71;-0.0849;0.7;0.0849;110;flat;1.0;loss;-1.0;2026-02-08T12:38:50.436548;Steam move: odds dropped -8.5% | Sustained odds drop: 2.71 → 2.48 (-8.5%) | Strong drop >8% | 110 snapshots — robust data
2026-02-08T12:38:49.714722;Pergolettese|Trento;Pergolettese;Trento;17:30;STEAM;2;2.05;2.16;-0.0509;0.7;0.0509;100;flat;1.0;win;1.05;2026-02-08T12:38:50.437119;Steam move: odds dropped -5.1% | Sustained odds drop: 2.16 → 2.05 (-5.1%) | Other outcomes rising while this drops — market consensus | 100 snapshots — robust data
2026-02-08T12:38:49.717810;Atletico de Porcuna|Mancha;Atletico de Porcuna;Mancha;18:00;STEAM;1;1.94;2.09;-0.0718;0.7;0.0718;42;flat;1.0;;;;Steam move: odds dropped -7.2% | Sustained odds drop: 2.09 → 1.94 (-7.2%) | Other outcomes rising while this drops — market consensus | 42 snapshots — robust data
2026-02-08T12:38:49.720626;Besiktas|Alanyaspor;Besiktas;Alanyaspor;18:00;STEAM;1;1.5;1.58;-0.0506;0.7;0.0506;173;flat;1.0;;;;Steam move: odds dropped -5.1% | Sustained odds drop: 1.58 → 1.50 (-5.1%) | Other outcomes rising while this drops — market consensus | 173 snapshots — robust data
2026-02-08T12:38:49.724557;Bnei Yehuda|H. Akko;Bnei Yehuda;H. Akko;18:00;STEAM;1;1.78;1.93;-0.0777;0.7;0.0777;42;flat;1.0;;;;Steam move: odds dropped -7.8% | Sustained odds drop: 1.93 → 1.78 (-7.8%) | Other outcomes rising while this drops — market consensus | 42 snapshots — robust data
2026-02-08T12:38:49.727078;Dinan|La Roche;Dinan;La Roche;18:00;STEAM;2;2.17;2.3;-0.0565;0.7;0.0565;101;flat;1.0;win;1.17;2026-02-08T12:38:50.442564;Steam move: odds dropped -5.7% | Sustained odds drop: 2.30 → 2.17 (-5.7%) | Other outcomes rising while this drops — market consensus | 101 snapshots — robust data
2026-02-08T12:38:49.729760;SD Logrones|Sestao;SD Logrones;Sestao;18:00;STEAM;2;2.26;2.49;-0.0924;0.7;0.0924;100;flat;1.0;loss;-1.0;2026-02-08T12:38:50.444425;Steam move: odds dropped -9.2% | Sustained odds drop: 2.49 → 2.26 (-9.2%) | Strong drop >8% | 100 snapshots — robust data
2026-02-08T12:38:49.732973;Club Brugge KV|St. Liege;Club Brugge KV;St. Liege;18:30;STEAM;1;1.26;1.35;-0.0667;0.7;0.0667;173;flat;1.0;;;;Steam move: odds dropped -6.7% | Sustained odds drop: 1.35 → 1.26 (-6.7%) | Other outcomes rising while this drops — market consensus | 173 snapshots — robust data
2026-02-08T12:38:49.735702;Newcastle|Brentford;Newcastle;Brentford;18:30;STEAM;1;1.92;2.08;-0.0769;0.7;0.0769;95;flat;1.0;loss;-1.0;2026-02-08T12:38:50.446090;Steam move: odds dropped -7.7% | Sustained odds drop: 2.08 → 1.92 (-7.7%) | Other outcomes rising while this drops — market consensus | 95 snapshots — robust data
2026-02-08T12:38:49.739223;Hamrun|Naxxar;Hamrun;Naxxar;19:00;STEAM;1;1.22;1.31;-0.0687;0.7;0.0687;92;flat;1.0;win;0.22;2026-02-08T12:38:50.448668;Steam move: odds dropped -6.9% | Sustained odds drop: 1.31 → 1.22 (-6.9%) | Other outcomes rising while this drops — market consensus | 92 snapshots — robust data
2026-02-08T12:38:49.743038;Goiatuba|Atletico GO;Goiatuba;Atletico GO;20:00;STEAM;2;1.65;1.79;-0.0782;0.7;0.0782;83;flat;1.0;loss;-1.0;2026-02-08T12:38:50.450541;Steam move: odds dropped -7.8% | Sustained odds drop: 1.79 → 1.65 (-7.8%) | Other outcomes rising while this drops — market consensus | 83 snapshots — robust data
2026-02-08T12:38:49.745589;Palmeiras W|Corinthians W;Palmeiras W;Corinthians W;20:00;STEAM;1;2.37;2.52;-0.0595;0.7;0.0595;74;flat;1.0;win;1.37;2026-02-08T12:38:50.451391;Steam move: odds dropped -5.9% | Sustained odds drop: 2.52 → 2.37 (-5.9%) | Other outcomes rising while this drops — market consensus | 74 snapshots — robust data
2026-02-08T12:38:49.748047;Ferroviario|Iguatu;Ferroviario;Iguatu;20:30;STEAM;1;1.93;2.04;-0.0539;0.7;0.0539;79;flat;1.0;win;0.93;2026-02-08T12:38:50.451971;Steam move: odds dropped -5.4% | Sustained odds drop: 2.04 → 1.93 (-5.4%) | Other outcomes rising while this drops — market consensus | 79 snapshots — robust data
2026-02-08T12:38:49.750949;Aldosivi|Rosario Central;Aldosivi;Rosario Central;21:00;STEAM;2;2.01;2.16;-0.0694;0.7;0.0694;78;flat;1.0;loss;-1.0;2026-02-08T12:38:50.452683;Steam move: odds dropped -6.9% | Sustained odds drop: 2.16 → 2.01 (-6.9%) | Other outcomes rising while this drops — market consensus | 78 snapshots — robust data
2026-02-08T12:38:49.753600;Racing United|Montego Bay;Racing United;Montego Bay;21:00;STEAM;2;2.41;2.66;-0.094;0.7;0.094;173;flat;1.0;;;;Steam move: odds dropped -9.4% | Sustained odds drop: 2.66 → 2.41 (-9.4%) | Strong drop >8% | 173 snapshots — robust data
2026-02-08T12:38:49.757129;Sittard|Sparta Rotterdam;Sittard;Sparta Rotterdam;21:00;STEAM;2;2.3;2.49;-0.0763;0.7;0.0763;77;flat;1.0;loss;-1.0;2026-02-08T12:38:50.456415;Steam move: odds dropped -7.6% | Sustained odds drop: 2.49 → 2.30 (-7.6%) | Other outcomes rising while this drops — market consensus | 77 snapshots — robust data
2026-02-08T12:38:49.760017;Amazonas|Nacional-AM;Amazonas;Nacional-AM;22:00;STEAM;1;1.84;1.96;-0.0612;0.7;0.0612;154;flat;1.0;;;;Steam move: odds dropped -6.1% | Sustained odds drop: 1.96 → 1.84 (-6.1%) | Other outcomes rising while this drops — market consensus | 154 snapshots — robust data
2026-02-08T12:38:49.762824;Ceara|Fortaleza;Ceara;Fortaleza;22:00;STEAM;1;2.2;2.46;-0.1057;0.7;0.1057;172;flat;1.0;;;;Steam move: odds dropped -10.6% | Sustained odds drop: 2.46 → 2.20 (-10.6%) | Strong drop >8% | 172 snapshots — robust data
2026-02-08T12:38:49.766022;Santa Cruz|Decisao;Santa Cruz;Decisao;22:00;STEAM;1;1.37;1.45;-0.0552;0.7;0.0552;159;flat;1.0;;;;Steam move: odds dropped -5.5% | Sustained odds drop: 1.45 → 1.37 (-5.5%) | Other outcomes rising while this drops — market consensus | 159 snapshots — robust data
2026-02-08T12:38:49.768834;Atletico-MG|Athletic Club;Atletico-MG;Athletic Club;22:30;STEAM;1;1.38;1.46;-0.0548;0.7;0.0548;82;flat;1.0;;;;Steam move: odds dropped -5.5% | Sustained odds drop: 1.46 → 1.38 (-5.5%) | Other outcomes rising while this drops — market consensus | 82 snapshots — robust data
2026-02-08T12:38:49.771451;Azuriz|Operario-PR;Azuriz;Operario-PR;22:30;STEAM;2;2.11;2.9;-0.2724;0.7;0.2724;172;flat;1.0;;;;Steam move: odds dropped -27.2% | Sustained odds drop: 2.90 → 2.11 (-27.2%) | Strong drop >8% | 172 snapshots — robust data
2026-02-08T12:38:49.784001;Rubio Nu|Sportivo Trinidense;Rubio Nu;Sportivo Trinidense;22:30;STEAM;2;2.46;2.71;-0.0923;0.7;0.0923;82;flat;1.0;;;;Steam move: odds dropped -9.2% | Sustained odds drop: 2.71 → 2.46 (-9.2%) | Strong drop >8% | 82 snapshots — robust data
2026-02-08T12:38:49.787542;CD Marino|Mensajero;CD Marino;Mensajero;13:30;STEAM;1;2.12;2.24;-0.0536;0.55;0.0536;114;flat;1.0;;;;Steam move: odds dropped -5.4% | Sustained odds drop: 2.24 → 2.12 (-5.4%) | 114 snapshots — robust data
2026-02-08T12:38:49.791132;CS Sfaxien|Club Africain;CS Sfaxien;Club Africain;14:00;STEAM;X;2.44;2.59;-0.0579;0.55;0.0579;211;flat;1.0;;;;Steam move: odds dropped -5.8% | Sustained odds drop: 2.59 → 2.44 (-5.8%) | 211 snapshots — robust data
2026-02-08T12:38:49.799967;Muhanga|Gasogi United;Muhanga;Gasogi United;14:00;STEAM;2;2.04;2.21;-0.0769;0.55;0.0769;211;flat;1.0;;;;Steam move: odds dropped -7.7% | Sustained odds drop: 2.21 → 2.04 (-7.7%) | 211 snapshots — robust data
2026-02-08T12:38:49.802832;Bahla|Al-Samail;Bahla;Al-Samail;14:20;STEAM;1;2.0;2.12;-0.0566;0.55;0.0566;218;flat;1.0;;;;Steam move: odds dropped -5.7% | Sustained odds drop: 2.12 → 2.00 (-5.7%) | 218 snapshots — robust data
2026-02-08T12:38:49.805631;Rouisset|Constantine;Rouisset;Constantine;15:00;STEAM;1;2.46;2.62;-0.0611;0.55;0.0611;179;flat;1.0;;;;Steam move: odds dropped -6.1% | Sustained odds drop: 2.62 → 2.46 (-6.1%) | 179 snapshots — robust data
2026-02-08T12:38:49.813813;FC Alpendorada|Leca;FC Alpendorada;Leca;16:00;STEAM;2;2.33;2.52;-0.0754;0.55;0.0754;176;flat;1.0;;;;Steam move: odds dropped -7.5% | Sustained odds drop: 2.52 → 2.33 (-7.5%) | 176 snapshots — robust data
2026-02-08T12:38:49.818113;Flora W (Est)|RFS W (Lat);Flora W (Est);RFS W (Lat);16:00;STEAM;1;1.48;1.57;-0.0573;0.55;0.0573;175;flat;1.0;;;;Steam move: odds dropped -5.7% | Sustained odds drop: 1.57 → 1.48 (-5.7%) | 175 snapshots — robust data
2026-02-08T12:38:49.821273;Francs Borains|RWDM Brussels;Francs Borains;RWDM Brussels;16:00;STEAM;1;2.12;2.3;-0.0783;0.55;0.0783;177;flat;1.0;;;;Steam move: odds dropped -7.8% | Sustained odds drop: 2.30 → 2.12 (-7.8%) | 177 snapshots — robust data
2026-02-08T12:38:49.824073;Leonesa B|Arandina;Leonesa B;Arandina;16:00;STEAM;1;2.28;2.42;-0.0579;0.55;0.0579;102;flat;1.0;win;1.28;2026-02-08T12:38:50.503478;Steam move: odds dropped -5.8% | Sustained odds drop: 2.42 → 2.28 (-5.8%) | 102 snapshots — robust data
2026-02-08T12:38:49.832801;Al Taawon|Al Khaleej;Al Taawon;Al Khaleej;16:30;STEAM;2;2.49;2.69;-0.0743;0.55;0.0743;102;flat;1.0;loss;-1.0;2026-02-08T12:38:50.507481;Steam move: odds dropped -7.4% | Sustained odds drop: 2.69 → 2.49 (-7.4%) | 102 snapshots — robust data
2026-02-08T12:38:49.839644;CD Mojados|Becerril;CD Mojados;Becerril;16:30;STEAM;2;2.22;2.37;-0.0633;0.55;0.0633;102;flat;1.0;loss;-1.0;2026-02-08T12:38:50.508510;Steam move: odds dropped -6.3% | Sustained odds drop: 2.37 → 2.22 (-6.3%) | 102 snapshots — robust data
2026-02-08T12:38:49.845723;Yeclano|Deportiva Minera;Yeclano;Deportiva Minera;17:00;STEAM;1;2.19;2.32;-0.056;0.55;0.056;174;flat;1.0;;;;Steam move: odds dropped -5.6% | Sustained odds drop: 2.32 → 2.19 (-5.6%) | 174 snapshots — robust data
2026-02-08T12:38:49.849909;Teungueth|Dakar SC;Teungueth;Dakar SC;17:30;STEAM;X;2.41;2.57;-0.0623;0.55;0.0623;174;flat;1.0;;;;Steam move: odds dropped -6.2% | Sustained odds drop: 2.57 → 2.41 (-6.2%) | 174 snapshots — robust data
2026-02-08T12:38:49.858582;Zaragoza|Eibar;Zaragoza;Eibar;18:30;STEAM;2;2.25;2.38;-0.0546;0.55;0.0546;97;flat;1.0;loss;-1.0;2026-02-08T12:38:50.515252;Steam move: odds dropped -5.5% | Sustained odds drop: 2.38 → 2.25 (-5.5%) | 97 snapshots — robust data
2026-02-08T12:38:49.870543;Gozzano|Derthona FbC;Gozzano;Derthona FbC;14:30;SUSTAINED_DROP;1;2.22;2.42;-0.0826;0.4;0.0826;208;flat;1.0;;;;Sustained odds drop: 2.42 → 2.22 (-8.3%) | Strong drop >8% | 208 snapshots — robust data
2026-02-08T12:38:49.873406;Zalgiris (Ltu)|Hegelmann (Ltu);Zalgiris (Ltu);Hegelmann (Ltu);15:15;SUSTAINED_DROP;1;1.96;2.42;-0.1901;0.4;0.1901;177;flat;1.0;;;;Sustained odds drop: 2.42 → 1.96 (-19.0%) | Strong drop >8% | 177 snapshots — robust data
2026-02-08T12:38:49.895718;Rio Ave W|Racing Power W;Rio Ave W;Racing Power W;16:00;SUSTAINED_DROP;1;2.43;4.44;-0.4527;0.4;0.4527;176;flat;1.0;;;;Sustained odds drop: 4.44 → 2.43 (-45.3%) | Strong drop >8% | 176 snapshots — robust data
2026-02-08T12:38:49.900390;Afyonspor|Balikesirspor;Afyonspor;Balikesirspor;13:00;MIXED;2;1.34;1.37;-0.0219;0.3;0.0219;71;flat;1.0;;;;Other outcomes rising while this drops — market consensus | Only 22 min to kick-off — late data is more reliable | 71 snapshots — robust data
2026-02-08T12:38:49.903344;Bali United|Persebaya;Bali United;Persebaya;13:00;MIXED;1;2.08;2.15;-0.0326;0.3;0.0326;176;flat;1.0;loss;-1.0;2026-02-08T12:38:50.529102;Other outcomes rising while this drops — market consensus | Only 22 min to kick-off — late data is more reliable | 176 snapshots — robust data
2026-02-08T12:38:49.913389;FK Panevezys (Ltu)|Metta (Lat);FK Panevezys (Ltu);Metta (Lat);13:00;MIXED;1;1.52;1.58;-0.038;0.3;0.038;179;flat;1.0;win;0.52;2026-02-08T12:38:50.530472;Other outcomes rising while this drops — market consensus | Only 22 min to kick-off — late data is more reliable | 179 snapshots — robust data
2026-02-08T12:38:49.917070;Sabah Baku|Araz;Sabah Baku;Araz;13:00;MIXED;1;1.42;1.49;-0.047;0.3;0.047;217;flat;1.0;;;;Other outcomes rising while this drops — market consensus | Only 22 min to kick-off — late data is more reliable | 217 snapshots — robust data
2026-02-08T12:38:49.955002;Swansea|Sheffield Wed;Swansea;Sheffield Wed;13:01;MIXED;1;1.24;1.29;-0.0388;0.3;0.0388;215;flat;1.0;;;;Other outcomes rising while this drops — market consensus | Only 23 min to kick-off — late data is more reliable | 215 snapshots — robust data
2026-02-08T12:38:49.963734;Leuven B|Tienen;Leuven B;Tienen;15:00;SUSTAINED_DROP;1;2.14;2.3;-0.0696;0.25;0.0696;179;flat;1.0;;;;Sustained odds drop: 2.30 → 2.14 (-7.0%) | 179 snapshots — robust data
2026-02-08T12:38:49.968654;Teungueth|Dakar SC;Teungueth;Dakar SC;17:30;SUSTAINED_DROP;1;2.41;2.58;-0.0659;0.25;0.0659;174;flat;1.0;;;;Sustained odds drop: 2.58 → 2.41 (-6.6%) | 174 snapshots — robust data
