time	date	kick_off	match	bet	tip	odds	opening	drop_pct	confidence	stake	tier	snapshots	status	reason
00:50:21	2026-02-18	12:30	Songkhla vs Khonkaen Utd.	HOME	1	2.39	2.7	11.5	80	4%	1	62	PENDING	Drop 11.5% | Conf 80% | 62 snaps
00:50:21	2026-02-18	18:30	Al Ain (Uae) vs Al Qadisiya (Kuw)	HOME	1	2.25	3.03	25.7	85	4%	1	122	PENDING	Drop 25.7% | Conf 85% | 122 snaps
00:50:21	2026-02-18	20:00	CD Extremadura vs Antoniano	HOME	1	1.69	1.89	10.6	80	4%	1	128	PENDING	Drop 10.6% | Conf 80% | 128 snaps
00:50:21	2026-02-18	20:45	Aberdeen vs Motherwell	HOME	1	2.59	3.4	23.8	90	5%	1	126	PENDING	Drop 23.8% | Conf 90% | 126 snaps
00:50:21	2026-02-18	21:00	Mosta vs Tarxien	HOME	1	2.2	3.0	26.7	95	5%	1	120	PENDING	Drop 26.7% | Conf 95% | 120 snaps
00:50:21	2026-02-18	23:15	Vitoria vs Bahia de Feira	HOME	1	1.28	1.43	10.5	80	4%	1	134	PENDING	Drop 10.5% | Conf 80% | 134 snaps
00:50:21	2026-02-19	13:00	Chainat vs Mahasarakham	HOME	1	1.82	2.19	16.9	85	4%	1	158	PENDING	Drop 16.9% | Conf 85% | 158 snaps
00:50:21	2026-02-19	16:00	Sarpsborg 08 (Nor) vs Brno (Cze)	HOME	1	1.51	2.06	26.7	80	4%	1	50	PENDING	Drop 26.7% | Conf 80% | 50 snaps
00:50:21	2026-02-19	18:45	Din. Zagreb vs Genk	HOME	1	1.94	2.23	13.0	80	4%	1	228	PENDING	Drop 13.0% | Conf 80% | 228 snaps
00:50:21	2026-02-19	19:45	Al Adalah vs Jeddah	HOME	1	1.83	2.6	29.6	95	5%	1	238	PENDING	Drop 29.6% | Conf 95% | 238 snaps
00:50:21	2026-02-19	20:00	Hapoel Tirat Karmel vs Beit Shean	HOME	1	3.0	4.55	34.1	90	5%	1	241	PENDING	Drop 34.1% | Conf 90% | 241 snaps
00:50:21	2026-02-19	20:00	Vikingur Reykjavik vs KR Reykjavik	HOME	1	1.82	2.7	32.6	90	5%	1	241	PENDING	Drop 32.6% | Conf 90% | 241 snaps
00:50:21	2026-02-19	21:00	Panathinaikos vs Plzen	HOME	1	2.1	2.39	12.1	80	4%	1	253	PENDING	Drop 12.1% | Conf 80% | 253 snaps
00:50:21	2026-02-20	00:00	Paysandu PA vs Tuna Luso	DRAW	X	3.28	3.87	15.2	80	2%	2	196	PENDING	Drop 15.2% | Conf 80% | 196 snaps
00:50:21	2026-02-20	09:35	Adelaide United vs Perth Glory	HOME	1	1.85	2.19	15.5	85	4%	1	320	PENDING	Drop 15.5% | Conf 85% | 320 snaps
00:50:21	2026-02-20	10:30	Northcote City vs Western Utd. U21	HOME	1	1.59	2.34	32.1	85	4%	1	266	PENDING	Drop 32.1% | Conf 85% | 266 snaps
00:50:21	2026-02-20	12:30	Maccabi Nujeidat Ahmad vs Tzeirey Um El Fahem	HOME	1	2.89	4.34	33.4	90	5%	1	257	PENDING	Drop 33.4% | Conf 90% | 257 snaps
00:50:21	2026-02-20	14:00	Turan Tovuz vs Zira	DRAW	X	2.73	3.23	15.5	80	2%	2	364	PENDING	Drop 15.5% | Conf 80% | 364 snaps
00:50:21	2026-02-20	15:00	Frosinone U20 vs Inter U20	HOME	1	2.92	3.65	20.0	85	4%	1	359	PENDING	Drop 20.0% | Conf 85% | 359 snaps
00:50:21	2026-02-20	17:00	Dyn. Kyiv vs Rukh Lviv	HOME	1	1.21	1.49	18.8	80	4%	1	393	PENDING	Drop 18.8% | Conf 80% | 393 snaps
00:50:21	2026-02-20	19:00	Al-Ahli Manama vs Al-Najma	HOME	1	2.38	15.0	84.1	90	5%	1	410	PENDING	Drop 84.1% | Conf 90% | 410 snaps
00:50:21	2026-02-20	19:10	Favoritner vs Sportunion Mauer	HOME	1	2.91	4.8	39.4	85	4%	1	396	PENDING	Drop 39.4% | Conf 85% | 396 snaps
00:50:21	2026-02-20	20:00	Newcastle Utd U21 vs Fulham U21	HOME	1	2.59	3.33	22.2	85	4%	1	348	PENDING	Drop 22.2% | Conf 85% | 348 snaps
00:50:21	2026-02-20	20:30	Frosinone vs Empoli	HOME	1	1.75	2.02	13.4	80	4%	1	426	PENDING	Drop 13.4% | Conf 80% | 426 snaps
00:50:21	2026-02-20	20:30	Kortrijk U21 vs Lommel SK U21	HOME	1	2.2	3.15	30.2	85	4%	1	361	PENDING	Drop 30.2% | Conf 85% | 361 snaps
00:50:21	2026-02-20	21:00	Gresford vs Flint Mountain	HOME	1	1.95	2.39	18.4	80	4%	1	430	PENDING	Drop 18.4% | Conf 80% | 430 snaps
00:50:21	2026-02-21	00:20	Llaneros vs Ind. Medellin	HOME	1	2.07	3.05	32.1	90	5%	1	353	PENDING	Drop 32.1% | Conf 90% | 353 snaps
00:50:21	2026-02-21	00:30	D. Concepcion vs Cobresal	HOME	1	1.73	1.96	11.7	80	4%	1	354	PENDING	Drop 11.7% | Conf 80% | 354 snaps
00:50:21	2026-02-21	01:00	Orense vs LDU Quito	HOME	1	2.83	3.66	22.7	90	5%	1	356	PENDING	Drop 22.7% | Conf 90% | 356 snaps
00:50:21	2026-02-21	02:15	Rosario Central vs Talleres Cordoba	HOME	1	1.78	2.04	12.7	80	4%	1	369	PENDING	Drop 12.7% | Conf 80% | 369 snaps
00:50:21	2026-02-21	06:30	Macarthur Rams vs Rydalmere Lions	HOME	1	2.62	3.7	29.2	90	5%	1	408	PENDING	Drop 29.2% | Conf 90% | 408 snaps
00:50:21	2026-02-21	08:00	Rochedale vs Wynnum Wolves	HOME	1	2.51	3.16	20.6	90	5%	1	418	PENDING	Drop 20.6% | Conf 90% | 418 snaps
00:50:21	2026-02-21	09:00	Canterbury Bankstown vs Western City Rangers	HOME	1	2.21	3.39	34.8	90	5%	1	428	PENDING	Drop 34.8% | Conf 90% | 428 snaps
00:50:21	2026-02-21	09:00	Prospect United vs Newcastle Jets U23	HOME	1	2.58	4.4	41.4	90	5%	1	428	PENDING	Drop 41.4% | Conf 90% | 428 snaps
00:50:21	2026-02-21	10:00	CSM Resita vs Chindia Targoviste	HOME	1	2.07	2.37	12.7	80	4%	1	436	PENDING	Drop 12.7% | Conf 80% | 436 snaps
00:50:21	2026-02-21	10:00	CSM Slatina vs Campulung	HOME	1	1.23	1.56	21.2	85	4%	1	436	PENDING	Drop 21.2% | Conf 85% | 436 snaps
00:50:21	2026-02-21	10:30	Kentavros Vrilission vs Apollon Kalythion	HOME	1	1.8	2.22	18.9	90	5%	1	193	PENDING	Drop 18.9% | Conf 90% | 193 snaps
00:50:21	2026-02-21	11:00	Kromeriz (Cze) vs Ostrava B (Cze)	HOME	1	2.54	2.9	12.4	80	4%	1	103	PENDING	Drop 12.4% | Conf 80% | 103 snaps
00:50:21	2026-02-21	12:00	Levante W vs Dep. La Coruna W	HOME	1	2.57	3.08	16.6	80	4%	1	451	PENDING	Drop 16.6% | Conf 80% | 451 snaps
00:50:21	2026-02-21	13:00	Moknine vs Kalaa	HOME	1	1.58	1.97	19.8	85	4%	1	106	PENDING	Drop 19.8% | Conf 85% | 106 snaps
00:50:21	2026-02-21	13:00	Panaderia vs Mensajero	DRAW	X	2.87	3.4	15.6	80	2%	2	215	PENDING	Drop 15.6% | Conf 80% | 215 snaps
00:50:21	2026-02-21	13:30	Briton Ferry vs Bala	HOME	1	1.8	2.15	16.3	80	4%	1	465	PENDING	Drop 16.3% | Conf 80% | 465 snaps
00:50:21	2026-02-21	14:00	Apea Akrotiriou vs Iraklis Yerolakkou	HOME	1	1.72	2.01	14.4	80	4%	1	467	PENDING	Drop 14.4% | Conf 80% | 467 snaps
00:50:21	2026-02-21	14:00	Doxa Vyronas vs Amarynthiakos	HOME	1	1.1	1.29	14.7	80	4%	1	190	PENDING	Drop 14.7% | Conf 80% | 190 snaps
00:50:21	2026-02-21	14:00	Halkanoras vs Kitiou	HOME	1	2.01	2.45	18.0	80	4%	1	518	PENDING	Drop 18.0% | Conf 80% | 518 snaps
00:50:21	2026-02-21	14:00	Pelister vs Struga	DRAW	X	3.04	4.33	29.8	85	4%	1	113	PENDING	Drop 29.8% | Conf 85% | 113 snaps
00:50:21	2026-02-21	14:00	Sarakinos Volos vs Asteras Karditsa	HOME	1	1.73	2.02	14.4	80	4%	1	172	PENDING	Drop 14.4% | Conf 80% | 172 snaps
00:50:21	2026-02-21	14:00	Stutt. Kickers vs Mainz II	HOME	1	1.89	2.39	20.9	85	4%	1	469	PENDING	Drop 20.9% | Conf 85% | 469 snaps
00:50:21	2026-02-21	14:00	Thyella Patras vs Miltiadis	HOME	1	2.14	2.54	15.7	80	4%	1	167	PENDING	Drop 15.7% | Conf 80% | 167 snaps
00:50:21	2026-02-21	14:30	Ascoli U19 vs Ternana U19	HOME	1	1.86	2.18	14.7	80	4%	1	221	PENDING	Drop 14.7% | Conf 80% | 221 snaps
00:50:21	2026-02-21	14:30	Bijelo Brdo vs Dugopolje	HOME	1	2.23	2.8	20.4	90	5%	1	473	PENDING	Drop 20.4% | Conf 90% | 473 snaps
00:50:21	2026-02-21	14:30	Metalist 1925 vs Kryvbas	HOME	1	1.87	2.27	17.6	80	4%	1	473	PENDING	Drop 17.6% | Conf 80% | 473 snaps
00:50:21	2026-02-21	14:30	Persekat vs PSMS Medan	HOME	1	2.78	4.24	34.4	85	4%	1	246	PENDING	Drop 34.4% | Conf 85% | 246 snaps
00:50:21	2026-02-21	14:30	Persiku Kudus vs Persela Lamongan	HOME	1	1.99	3.03	34.3	90	5%	1	246	PENDING	Drop 34.3% | Conf 90% | 246 snaps
00:50:21	2026-02-21	14:30	San Marino Academy W vs RES Roma W	HOME	1	2.86	3.46	17.3	85	4%	1	165	PENDING	Drop 17.3% | Conf 85% | 165 snaps
00:50:21	2026-02-21	14:30	Orijent vs Croatia Zmijavci	DRAW	X	3.09	3.7	16.5	80	2%	2	473	PENDING	Drop 16.5% | Conf 80% | 473 snaps
00:50:21	2026-02-21	14:30	Persekat vs PSMS Medan	DRAW	X	2.94	3.5	16.0	80	2%	2	246	PENDING	Drop 16.0% | Conf 80% | 246 snaps
00:50:21	2026-02-21	15:00	Njardvik vs KA Akureyri	HOME	1	2.16	2.82	23.4	90	5%	1	6	PENDING	Drop 23.4% | Conf 90% | 6 snaps
00:50:21	2026-02-21	15:30	Flint vs Cardiff Metropolitan	HOME	1	1.96	2.43	19.3	80	4%	1	481	PENDING	Drop 19.3% | Conf 80% | 481 snaps
00:50:21	2026-02-21	16:00	Benfica U19 vs FC Porto U19	HOME	1	2.19	2.73	19.8	85	4%	1	210	PENDING	Drop 19.8% | Conf 85% | 210 snaps
00:50:21	2026-02-21	16:00	Bochum II vs Schalke II	HOME	1	2.58	3.81	32.3	85	4%	1	485	PENDING	Drop 32.3% | Conf 85% | 485 snaps
00:50:21	2026-02-21	16:00	Brechin vs Brora Rangers	HOME	1	2.0	2.57	22.2	90	5%	1	217	PENDING	Drop 22.2% | Conf 90% | 217 snaps
00:50:21	2026-02-21	16:00	East Stirlingshire vs Berwick	HOME	1	2.68	3.5	23.4	85	4%	1	220	PENDING	Drop 23.4% | Conf 85% | 220 snaps
00:50:21	2026-02-21	17:00	Sion II vs Prishtina Bern	HOME	1	2.52	2.83	11.0	80	4%	1	124	PENDING	Drop 11.0% | Conf 80% | 124 snaps
00:50:21	2026-02-21	17:00	UE Vic vs CF Vilanova	HOME	1	2.77	3.71	25.3	90	5%	1	240	PENDING	Drop 25.3% | Conf 90% | 240 snaps
00:50:21	2026-02-21	17:00	Villarrubia vs Ciudad Real	HOME	1	2.82	3.4	17.1	80	4%	1	239	PENDING	Drop 17.1% | Conf 80% | 239 snaps
00:50:21	2026-02-21	18:00	Bordeaux vs Saint-Malo	HOME	1	1.51	1.8	16.1	85	4%	1	357	PENDING	Drop 16.1% | Conf 85% | 357 snaps
00:50:21	2026-02-21	18:00	Zurich II vs Basel II	HOME	1	2.2	2.47	10.9	80	4%	1	247	PENDING	Drop 10.9% | Conf 80% | 247 snaps
00:50:21	2026-02-21	19:00	Tanabi vs Jabaquara	HOME	1	1.81	2.16	16.2	85	4%	1	163	PENDING	Drop 16.2% | Conf 85% | 163 snaps
00:50:21	2026-02-21	20:00	Capital vs Brasiliense	HOME	1	2.52	3.41	26.1	85	4%	1	195	PENDING	Drop 26.1% | Conf 85% | 195 snaps
00:50:21	2026-02-21	20:00	Gurupi vs Tocantinopolis	HOME	1	2.91	3.48	16.4	85	4%	1	176	PENDING	Drop 16.4% | Conf 85% | 176 snaps
00:50:21	2026-02-21	20:00	Independente AP vs Oratorio	DRAW	X	2.47	3.1	20.3	80	4%	1	184	PENDING	Drop 20.3% | Conf 80% | 184 snaps
00:50:21	2026-02-21	23:00	Bandeirante vs Francana	HOME	1	2.18	2.61	16.5	80	4%	1	200	PENDING	Drop 16.5% | Conf 80% | 200 snaps
00:50:21	2026-02-22	01:00	Tigres de Alica vs Cimarrones de Sonora	HOME	1	2.71	4.1	33.9	90	5%	1	171	PENDING	Drop 33.9% | Conf 90% | 171 snaps
00:50:21	2026-02-22	02:30	Choloma vs Victoria	HOME	1	2.05	2.45	16.3	80	4%	1	347	PENDING	Drop 16.3% | Conf 80% | 347 snaps
00:50:21	2026-02-22	04:00	Navua vs Nadi	HOME	1	2.43	2.91	16.5	85	4%	1	175	PENDING	Drop 16.5% | Conf 85% | 175 snaps
00:50:21	2026-02-22	05:00	Central Coast Mariners U23 vs Dulwich Hill	HOME	1	1.63	2.6	37.3	85	4%	1	432	PENDING	Drop 37.3% | Conf 85% | 432 snaps
00:50:21	2026-02-22	06:15	Brisbane Roar U23 vs Brisbane City	HOME	1	2.44	4.12	40.8	90	5%	1	445	PENDING	Drop 40.8% | Conf 90% | 445 snaps
00:50:21	2026-02-22	10:00	Tunari vs Selimbar	HOME	1	2.52	3.79	33.5	85	4%	1	482	PENDING	Drop 33.5% | Conf 85% | 482 snaps
00:50:21	2026-02-22	12:00	CD Utrera vs Conil	HOME	1	1.73	1.97	12.2	80	4%	1	188	PENDING	Drop 12.2% | Conf 80% | 188 snaps
00:50:21	2026-02-22	12:00	Dep. Fabril vs Numancia	HOME	1	1.92	2.17	11.5	80	4%	1	209	PENDING	Drop 11.5% | Conf 80% | 209 snaps
00:50:21	2026-02-22	12:00	Deportiva Minera vs Xerez CD	HOME	1	1.99	2.47	19.4	80	4%	1	452	PENDING	Drop 19.4% | Conf 80% | 452 snaps
00:50:21	2026-02-22	12:30	Bangkok FC vs Chainat	HOME	1	2.66	3.3	19.4	80	4%	1	287	PENDING	Drop 19.4% | Conf 80% | 287 snaps
00:50:21	2026-02-22	12:30	Bengaluru FC vs North East Utd	DRAW	X	3.31	4.68	29.3	85	4%	1	318	PENDING	Drop 29.3% | Conf 85% | 318 snaps
00:50:21	2026-02-22	12:30	Nakhon Si vs Chiangmai Utd	HOME	1	2.0	2.36	15.3	80	4%	1	287	PENDING	Drop 15.3% | Conf 80% | 287 snaps
00:50:21	2026-02-22	13:00	Kabati vs Mwatate United	HOME	1	1.62	1.85	12.4	85	4%	1	246	PENDING	Drop 12.4% | Conf 85% | 246 snaps
00:50:21	2026-02-22	13:00	Sporting Ben Arous vs BS Bouhajla	HOME	1	1.78	2.12	16.0	80	4%	1	207	PENDING	Drop 16.0% | Conf 80% | 207 snaps
00:50:21	2026-02-22	13:15	Penya vs Carroi	HOME	1	1.52	1.82	16.5	80	4%	1	438	PENDING	Drop 16.5% | Conf 80% | 438 snaps
00:50:21	2026-02-22	14:00	Aris Petroupolis vs Diagoras	DRAW	X	2.61	3.9	33.1	85	4%	1	226	PENDING	Drop 33.1% | Conf 85% | 226 snaps
00:50:21	2026-02-22	14:00	Lohne vs SC Weiche-08	HOME	1	2.09	2.46	15.0	80	4%	1	521	PENDING	Drop 15.0% | Conf 80% | 521 snaps
00:50:21	2026-02-22	14:00	Pretoria U. vs Sekhukhune	DRAW	X	3.38	4.8	29.6	80	4%	1	300	PENDING	Drop 29.6% | Conf 80% | 300 snaps
00:50:21	2026-02-22	14:30	Barito Putera vs Tornado Pekanbaru	HOME	1	1.67	1.98	15.7	80	4%	1	324	PENDING	Drop 15.7% | Conf 80% | 324 snaps
00:50:21	2026-02-22	14:30	Castelfidardo vs San Marino Calcio	HOME	1	2.13	2.69	20.8	90	5%	1	372	PENDING	Drop 20.8% | Conf 90% | 372 snaps
00:50:21	2026-02-22	14:30	Gent W vs Genk W	HOME	1	2.91	3.55	18.0	80	4%	1	448	PENDING	Drop 18.0% | Conf 80% | 448 snaps
00:50:21	2026-02-22	14:30	Groene Ster vs GOES	HOME	1	1.78	2.17	18.0	85	4%	1	218	PENDING	Drop 18.0% | Conf 85% | 218 snaps
00:50:21	2026-02-22	14:30	Sarraz-Eclepens vs Amical Saint-Prex	HOME	1	2.8	3.75	25.3	85	4%	1	207	PENDING	Drop 25.3% | Conf 85% | 207 snaps
00:50:21	2026-02-22	15:00	Aalesund (Nor) vs Fredrikstad (Nor)	HOME	1	2.86	3.5	18.3	80	4%	1	180	PENDING	Drop 18.3% | Conf 80% | 180 snaps
00:50:21	2026-02-22	15:00	Kerala Blasters vs Mumbai City	HOME	1	2.9	3.79	23.5	85	4%	1	462	PENDING	Drop 23.5% | Conf 85% | 462 snaps
00:50:21	2026-02-22	15:00	Lavagnese vs Derthona FbC	HOME	1	2.22	2.78	20.1	85	4%	1	378	PENDING	Drop 20.1% | Conf 85% | 378 snaps
00:50:21	2026-02-22	15:00	Selangor vs Kuching City FC	HOME	1	1.7	2.11	19.4	80	4%	1	282	PENDING	Drop 19.4% | Conf 80% | 282 snaps
00:50:21	2026-02-22	15:30	Hamburger SV II vs Bremer	HOME	1	1.72	2.07	16.9	80	4%	1	534	PENDING	Drop 16.9% | Conf 80% | 534 snaps
00:50:21	2026-02-22	15:30	Teplice vs Sigma Olomouc	HOME	1	2.68	3.07	12.7	80	4%	1	534	PENDING	Drop 12.7% | Conf 80% | 534 snaps
00:50:21	2026-02-22	16:00	APOEL vs Omonia	HOME	1	2.4	3.61	33.5	85	4%	1	539	PENDING	Drop 33.5% | Conf 85% | 539 snaps
00:50:21	2026-02-22	16:00	Anadia vs SC Vila Real	HOME	1	1.74	2.07	15.9	80	4%	1	195	PENDING	Drop 15.9% | Conf 80% | 195 snaps
00:50:21	2026-02-22	16:00	Kun Khalifa vs Niger Tornadoes	HOME	1	1.69	2.16	21.8	90	5%	1	320	PENDING	Drop 21.8% | Conf 90% | 320 snaps
00:50:21	2026-02-22	16:00	Sp. Subotica vs Radnicki 1923	HOME	1	2.75	3.24	15.1	80	4%	1	539	PENDING	Drop 15.1% | Conf 80% | 539 snaps
00:50:21	2026-02-22	16:00	Vilaverdense vs Chaves B	HOME	1	1.87	2.19	14.6	80	4%	1	227	PENDING	Drop 14.6% | Conf 80% | 227 snaps
00:50:21	2026-02-22	16:00	Valadares Gaia W vs Sporting W	DRAW	X	3.24	3.9	16.9	80	2%	2	207	PENDING	Drop 16.9% | Conf 80% | 207 snaps
00:50:21	2026-02-22	16:30	Hearts of Oak vs Berekum Chelsea	DRAW	X	3.27	4.2	22.1	85	4%	1	280	PENDING	Drop 22.1% | Conf 85% | 280 snaps
00:50:21	2026-02-22	16:30	Utrillas vs Almudevar	DRAW	X	2.65	3.0	11.7	80	2%	2	218	PENDING	Drop 11.7% | Conf 80% | 218 snaps
00:50:21	2026-02-22	16:45	Den Haag W vs Utrecht W	HOME	1	2.88	4.19	31.3	85	4%	1	250	PENDING	Drop 31.3% | Conf 85% | 250 snaps
00:50:21	2026-02-22	16:45	Excelsior W vs Hera United W	HOME	1	2.38	2.96	19.6	80	4%	1	250	PENDING	Drop 19.6% | Conf 80% | 250 snaps
00:50:21	2026-02-22	16:45	Sonseca vs Cazalegas	HOME	1	2.48	2.88	13.9	80	4%	1	214	PENDING	Drop 13.9% | Conf 80% | 214 snaps
00:50:21	2026-02-22	17:30	Paks vs Gyor	HOME	1	2.41	2.87	16.0	80	4%	1	549	PENDING	Drop 16.0% | Conf 80% | 549 snaps
00:50:21	2026-02-22	19:15	Araba vs Tzeirey Tamra	HOME	1	1.82	2.09	12.9	80	4%	1	274	PENDING	Drop 12.9% | Conf 80% | 274 snaps
00:50:21	2026-02-23	00:00	UNAM Pumas vs Monterrey	HOME	1	2.49	2.97	16.2	80	4%	1	441	PENDING	Drop 16.2% | Conf 80% | 441 snaps
00:50:21	2026-02-23	00:30	D. Puerto Montt vs Copiapo	HOME	1	2.11	2.53	16.6	80	4%	1	441	PENDING	Drop 16.6% | Conf 80% | 441 snaps
00:50:21	2026-02-23	17:45	Videoton vs Kecskemeti TE	HOME	1	2.26	2.72	16.9	80	4%	1	439	PENDING	Drop 16.9% | Conf 80% | 439 snaps
00:50:21	2026-02-23	20:30	El Gouna vs Arab Contractors	HOME	1	2.54	3.02	15.9	80	4%	1	351	PENDING	Drop 15.9% | Conf 80% | 351 snaps
00:50:21	2026-02-23	22:00	Cucuta vs Deportes Tolima	HOME	1	2.48	2.96	16.2	85	4%	1	439	PENDING	Drop 16.2% | Conf 85% | 439 snaps
00:50:21	2026-02-23	23:00	Cruzeiro W vs Santos W	HOME	1	1.52	2.18	30.3	90	5%	1	440	PENDING	Drop 30.3% | Conf 90% | 440 snaps
00:50:21	2026-02-25	21:00	San Martin S.J. vs Deportivo Madryn	DRAW	X	2.8	3.5	20.0	80	4%	1	315	PENDING	Drop 20.0% | Conf 80% | 315 snaps
00:50:21	2026-02-27	16:00	Kamaz vs Arsenal Tula	HOME	1	1.87	2.4	22.1	95	5%	1	156	PENDING	Drop 22.1% | Conf 95% | 156 snaps
00:50:21	2026-02-27	18:30	SG Dynamo Dresden vs Darmstadt	HOME	1	2.74	3.1	11.6	80	4%	1	123	PENDING	Drop 11.6% | Conf 80% | 123 snaps
00:50:21	2026-02-27	20:00	Clermont vs Dunkerque	HOME	1	2.84	3.35	15.2	80	4%	1	142	PENDING	Drop 15.2% | Conf 80% | 142 snaps
00:50:21	2026-02-28	15:00	Empoli vs Cesena	HOME	1	2.35	2.65	11.3	80	4%	1	75	PENDING	Drop 11.3% | Conf 80% | 75 snaps
