match_id;home;away;country;league;kick_off;match_date;market;predicted_outcome;score;signal_type;close_odds;pct_change;breakdown;n_snapshots;open_overround;close_overround;kelly_pct;suggested_eur;est_winprob
Lexington|Louisville City;Lexington;Louisville City;USA;USL Championship;01:30;2026-03-07;2;AWAY;90;NEGLECT_UP;2.5;2.880658436213985;smooth(+20) slow(+15) orc_ok(+15) weak_ctr(+15) not_late(+10) not_fav(+10) sweet(+5);101;106.5;106.3;2.0;20;0.449
Sporting Jax|Hartford Athletic;Sporting Jax;Hartford Athletic;USA;USL Championship;01:30;2026-03-08;X;DRAW;90;NEGLECT_UP;3.59;2.8653295128939726;smooth(+20) slow(+15) orc_ok(+15) weak_ctr(+15) not_late(+10) not_fav(+10) sweet(+5);78;107.5;106.5;5.9;20;0.449
Wollongong Wolves|Sydney FC U23;Wollongong Wolves;Sydney FC U23;Australia;NPL NSW;05:00;2026-03-08;2;AWAY;90;CORRECTION_UP;2.42;0.8333333333333341;smooth(+20) slow(+15) orc_ok(+15) weak_ctr(+15) not_late(+10) not_fav(+10) sweet(+5);46;107.9;107.6;1.5;20;0.449
FC Tokyo|Yokohama F. Marinos;FC Tokyo;Yokohama F. Marinos;Japan;J1 League;06:00;2026-03-07;2;AWAY;90;NEGLECT_UP;3.8;1.8766756032171539;smooth(+20) slow(+15) orc_ok(+15) weak_ctr(+15) not_late(+10) not_fav(+10) sweet(+5);101;104.2;103.5;6.3;20;0.449
Gimcheon Sangmu|Jeonbuk;Gimcheon Sangmu;Jeonbuk;South Korea;K League 1;06:00;2026-03-08;1;HOME;90;CORRECTION_UP;2.84;0.7092198581560291;smooth(+20) slow(+15) orc_ok(+15) weak_ctr(+15) not_late(+10) not_fav(+10) sweet(+5);103;104.4;104.0;3.7;20;0.449
Avispa Fukuoka|Nagoya Grampus;Avispa Fukuoka;Nagoya Grampus;Japan;J1 League;08:00;2026-03-07;1;HOME;90;NEGLECT_UP;2.9;2.8368794326241162;smooth(+20) slow(+15) orc_ok(+15) weak_ctr(+15) not_late(+10) not_fav(+10) sweet(+5);101;104.7;103.7;4.0;20;0.449
Cheonan City|Gimpo FC;Cheonan City;Gimpo FC;South Korea;K League 2;08:30;2026-03-08;1;HOME;90;NEGLECT_UP;3.8;2.150537634408592;smooth(+20) slow(+15) orc_ok(+15) weak_ctr(+15) not_late(+10) not_fav(+10) sweet(+5);103;106.1;105.5;6.3;20;0.449
Sydney FC|Melbourne Victory;Sydney FC;Melbourne Victory;Australia;A-League;09:35;2026-03-07;1;HOME;90;NEGLECT_UP;2.46;2.0746887966804906;smooth(+20) slow(+15) orc_ok(+15) weak_ctr(+15) not_late(+10) not_fav(+10) sweet(+5);101;102.8;103.2;1.8;20;0.449
Afumati|Steaua Bucuresti;Afumati;Steaua Bucuresti;Romania;Liga 2;10:00;2026-03-07;1;HOME;90;NEGLECT_UP;3.21;1.9047619047619067;smooth(+20) slow(+15) orc_ok(+15) weak_ctr(+15) not_late(+10) not_fav(+10) sweet(+5);101;109.3;109.4;5.0;20;0.449
Sivasspor|Keciorengucu;Sivasspor;Keciorengucu;Turkey;1. Lig;11:30;2026-03-07;X;DRAW;90;NEGLECT_UP;3.77;5.602240896358548;smooth(+20) slow(+15) orc_ok(+15) weak_ctr(+15) not_late(+10) not_fav(+10) sweet(+5);101;106.4;105.9;6.3;20;0.449
Tluchowo|Nowe Skalmierzyce;Tluchowo;Nowe Skalmierzyce;Poland;III Liga - Group II;12:00;2026-03-07;2;AWAY;90;NEGLECT_UP;2.56;1.9920318725099708;smooth(+20) slow(+15) orc_ok(+15) weak_ctr(+15) not_late(+10) not_fav(+10) sweet(+5);54;112.1;112.0;2.4;20;0.449
Preussen Munster|Hertha Berlin;Preussen Munster;Hertha Berlin;Germany;2. Bundesliga;13:30;2026-03-08;2;AWAY;90;NEGLECT_UP;2.35;1.2931034482758728;smooth(+20) slow(+15) orc_ok(+15) weak_ctr(+15) not_late(+10) not_fav(+10) sweet(+5);103;103.5;103.0;1.0;20;0.449
Zaglebie Sosnowiec|Podhale Nowy Targ;Zaglebie Sosnowiec;Podhale Nowy Targ;Poland;Division 2;13:30;2026-03-07;X;DRAW;90;NEGLECT_UP;3.25;1.2461059190031165;smooth(+20) slow(+15) orc_ok(+15) weak_ctr(+15) not_late(+10) not_fav(+10) sweet(+5);55;111.9;111.9;5.1;20;0.449
Bochum II|Wiedenbruck;Bochum II;Wiedenbruck;Germany;Regionalliga West;14:00;2026-03-08;1;HOME;90;NEGLECT_UP;2.0;1.52284263959391;smooth(+20) slow(+15) orc_ok(+15) weak_ctr(+15) not_late(+10) not_fav(+10) sweet(+5);21;108.9;108.9;0;20;0.449
Grossaspach|Kassel;Grossaspach;Kassel;Germany;Regionalliga Sudwest;14:00;2026-03-07;X;DRAW;90;NEGLECT_UP;3.84;1.0526315789473695;smooth(+20) slow(+15) orc_ok(+15) weak_ctr(+15) not_late(+10) not_fav(+10) sweet(+5);21;109.2;109.0;6.4;20;0.449
Schott Mainz|Freiburg II;Schott Mainz;Freiburg II;Germany;Regionalliga Sudwest;14:00;2026-03-07;1;HOME;90;NEGLECT_UP;2.99;2.047781569965872;smooth(+20) slow(+15) orc_ok(+15) weak_ctr(+15) not_late(+10) not_fav(+10) sweet(+5);21;109.0;108.5;4.3;20;0.449
Lok. Gorna|Hebar;Lok. Gorna;Hebar;Bulgaria;Vtora liga;14:30;2026-03-07;X;DRAW;90;NEGLECT_UP;3.25;1.5624999999999944;smooth(+20) slow(+15) orc_ok(+15) weak_ctr(+15) not_late(+10) not_fav(+10) sweet(+5);80;109.2;108.7;5.1;20;0.449
Persijap Jepara|Persis Solo;Persijap Jepara;Persis Solo;Indonesia;Super League;14:30;2026-03-05;X;DRAW;90;NEGLECT_UP;3.55;4.719764011799401;smooth(+20) slow(+15) orc_ok(+15) weak_ctr(+15) not_late(+10) not_fav(+10) sweet(+5);105;104.6;103.7;5.8;20;0.449
Grbalj|Lovcen;Grbalj;Lovcen;Montenegro;Druga Liga;15:00;2026-03-04;X;DRAW;90;NEGLECT_UP;4.0;2.5641025641025665;smooth(+20) slow(+15) orc_ok(+15) weak_ctr(+15) not_late(+10) not_fav(+10) sweet(+5);46;108.3;107.6;6.6;20;0.449
Mainz|Stuttgart;Mainz;Stuttgart;Germany;Bundesliga;15:30;2026-03-07;1;HOME;90;NEGLECT_UP;3.29;1.2307692307692317;smooth(+20) slow(+15) orc_ok(+15) weak_ctr(+15) not_late(+10) not_fav(+10) sweet(+5);101;101.5;101.0;5.2;20;0.449
Bristol City|Coventry;Bristol City;Coventry;England;Championship;16:00;2026-03-07;1;HOME;90;NEGLECT_UP;3.6;2.2727272727272747;smooth(+20) slow(+15) orc_ok(+15) weak_ctr(+15) not_late(+10) not_fav(+10) sweet(+5);101;103.9;103.4;5.9;20;0.449
Sp. Subotica|IMT Novi Beograd;Sp. Subotica;IMT Novi Beograd;Serbia;Mozzart Bet Super Liga;16:00;2026-03-08;2;AWAY;90;NEGLECT_UP;3.05;1.6666666666666607;smooth(+20) slow(+15) orc_ok(+15) weak_ctr(+15) not_late(+10) not_fav(+10) sweet(+5);82;105.3;104.7;4.5;20;0.449
Woking|Tamworth;Woking;Tamworth;England;National League;16:00;2026-03-07;2;AWAY;90;NEGLECT_UP;3.46;3.9039039039039007;smooth(+20) slow(+15) orc_ok(+15) weak_ctr(+15) not_late(+10) not_fav(+10) sweet(+5);101;106.3;105.3;5.6;20;0.449
Mura|Primorje;Mura;Primorje;Slovenia;Prva liga;17:30;2026-03-07;X;DRAW;90;NEGLECT_UP;3.56;3.4883720930232593;smooth(+20) slow(+15) orc_ok(+15) weak_ctr(+15) not_late(+10) not_fav(+10) sweet(+5);101;106.1;105.7;5.8;20;0.449
Express|Maroons;Express;Maroons;Uganda;Premier League;18:00;2026-03-04;X;DRAW;90;NEGLECT_UP;2.94;1.3793103448275874;smooth(+20) slow(+15) orc_ok(+15) weak_ctr(+15) not_late(+10) not_fav(+10) sweet(+5);54;109.4;110.2;4.1;20;0.449
Kosice|Dun. Streda;Kosice;Dun. Streda;Slovakia;Slovak Cup;18:00;2026-03-04;X;DRAW;90;NEGLECT_UP;3.8;8.882521489971335;smooth(+20) slow(+15) orc_ok(+15) weak_ctr(+15) not_late(+10) not_fav(+10) sweet(+5);191;107.5;106.5;6.3;20;0.449
Lohne|Werder Bremen II;Lohne;Werder Bremen II;Germany;Regionalliga North;18:00;2026-03-07;1;HOME;90;NEGLECT_UP;2.45;2.0833333333333446;smooth(+20) slow(+15) orc_ok(+15) weak_ctr(+15) not_late(+10) not_fav(+10) sweet(+5);21;108.3;109.2;1.7;20;0.449
Mladost|Novi Pazar;Mladost;Novi Pazar;Serbia;Mozzart Bet Super Liga;18:00;2026-03-09;1;HOME;90;NEGLECT_UP;3.7;2.77777777777778;smooth(+20) slow(+15) orc_ok(+15) weak_ctr(+15) not_late(+10) not_fav(+10) sweet(+5);84;104.8;104.5;6.1;20;0.449
Puszcza|Pogon Siedlce;Puszcza;Pogon Siedlce;Poland;Division 1;18:00;2026-03-06;X;DRAW;90;NEGLECT_UP;3.29;2.8124999999999956;smooth(+20) slow(+15) orc_ok(+15) weak_ctr(+15) not_late(+10) not_fav(+10) sweet(+5);104;106.6;105.7;5.2;20;0.449
Schalke|Arminia Bielefeld;Schalke;Arminia Bielefeld;Germany;2. Bundesliga;18:30;2026-03-06;2;AWAY;90;NEGLECT_UP;3.9;1.8276762402088733;smooth(+20) slow(+15) orc_ok(+15) weak_ctr(+15) not_late(+10) not_fav(+10) sweet(+5);104;103.6;102.9;6.5;20;0.449
CSKA Moscow|Krasnodar;CSKA Moscow;Krasnodar;Russia;Russian Cup;18:45;2026-03-04;1;HOME;90;DRIFT_UP;2.72;0.7407407407407414;smooth(+20) slow(+15) orc_ok(+15) weak_ctr(+15) not_late(+10) not_fav(+10) sweet(+5);210;102.0;102.0;3.2;20;0.449
Babelsberg|Eilenburg;Babelsberg;Eilenburg;Germany;Regionalliga Nordost;19:00;2026-03-06;2;AWAY;90;CORRECTION_UP;3.93;0.7692307692307756;smooth(+20) slow(+15) orc_ok(+15) weak_ctr(+15) not_late(+10) not_fav(+10) sweet(+5);14;107.6;107.4;6.5;20;0.449
Bayreuth|Bayern II;Bayreuth;Bayern II;Germany;Regionalliga Bayern;19:00;2026-03-06;2;AWAY;90;NEGLECT_UP;2.0;1.52284263959391;smooth(+20) slow(+15) orc_ok(+15) weak_ctr(+15) not_late(+10) not_fav(+10) sweet(+5);23;108.9;108.8;0;20;0.449
Chiclana|Bollullos;Chiclana;Bollullos;Spain;Tercera RFEF - Group 10;19:00;2026-03-04;2;AWAY;90;NEGLECT_UP;2.16;1.8867924528301903;smooth(+20) slow(+15) orc_ok(+15) weak_ctr(+15) not_late(+10) not_fav(+10) sweet(+5);35;109.2;109.7;0;20;0.449
Kolding IF|Hobro;Kolding IF;Hobro;Denmark;1st Division;19:00;2026-03-06;X;DRAW;90;NEGLECT_UP;3.64;1.3927576601671383;smooth(+20) slow(+15) orc_ok(+15) weak_ctr(+15) not_late(+10) not_fav(+10) sweet(+5);104;105.1;104.2;6.0;20;0.449
Luckenwalde|Magdeburg II;Luckenwalde;Magdeburg II;Germany;Regionalliga Nordost;19:00;2026-03-04;2;AWAY;90;NEGLECT_UP;2.52;1.6129032258064528;smooth(+20) slow(+15) orc_ok(+15) weak_ctr(+15) not_late(+10) not_fav(+10) sweet(+5);22;108.1;108.3;2.2;20;0.449
Maccabi Tel Aviv|H. Beer Sheva;Maccabi Tel Aviv;H. Beer Sheva;Israel;Ligat ha'Al;19:30;2026-03-09;2;AWAY;90;NEGLECT_UP;2.22;2.77777777777778;smooth(+20) slow(+15) orc_ok(+15) weak_ctr(+15) not_late(+10) not_fav(+10) sweet(+5);90;106.7;106.6;0;20;0.449
Oberhausen|Schalke II;Oberhausen;Schalke II;Germany;Regionalliga West;19:30;2026-03-06;2;AWAY;90;NEGLECT_UP;2.98;1.360544217687076;smooth(+20) slow(+15) orc_ok(+15) weak_ctr(+15) not_late(+10) not_fav(+10) sweet(+5);21;109.1;109.0;4.3;20;0.449
Paris 13 Atl.|Le Puy-en-Velay;Paris 13 Atl.;Le Puy-en-Velay;France;National;19:30;2026-03-06;2;AWAY;90;NEGLECT_UP;2.2;2.32558139534885;smooth(+20) slow(+15) orc_ok(+15) weak_ctr(+15) not_late(+10) not_fav(+10) sweet(+5);104;105.8;105.8;0;20;0.449
Wiedenbruck|Koln II;Wiedenbruck;Koln II;Germany;Regionalliga West;19:30;2026-03-04;1;HOME;90;DRIFT_UP;3.46;0.8746355685131139;smooth(+20) slow(+15) orc_ok(+15) weak_ctr(+15) not_late(+10) not_fav(+10) sweet(+5);22;108.9;109.7;5.6;20;0.449
Eupen|Gent U23;Eupen;Gent U23;Belgium;Challenger Pro League;20:00;2026-03-06;X;DRAW;90;NEGLECT_UP;3.65;1.955307262569828;smooth(+20) slow(+15) orc_ok(+15) weak_ctr(+15) not_late(+10) not_fav(+10) sweet(+5);104;104.0;104.4;6.0;20;0.449
Helmond|Oss;Helmond;Oss;Netherlands;Eerste Divisie;20:00;2026-03-06;2;AWAY;90;CORRECTION_UP;3.4;0.5917159763313614;smooth(+20) slow(+15) orc_ok(+15) weak_ctr(+15) not_late(+10) not_fav(+10) sweet(+5);104;105.8;105.7;5.5;20;0.449
Heracles|Utrecht;Heracles;Utrecht;Netherlands;Eredivisie;20:00;2026-03-06;1;HOME;90;NEGLECT_UP;3.7;5.113636363636368;smooth(+20) slow(+15) orc_ok(+15) weak_ctr(+15) not_late(+10) not_fav(+10) sweet(+5);104;103.5;103.1;6.1;20;0.449
Lommel SK|Kortrijk;Lommel SK;Kortrijk;Belgium;Challenger Pro League;20:00;2026-03-07;2;AWAY;90;CORRECTION_UP;2.22;0.9090909090909097;smooth(+20) slow(+15) orc_ok(+15) weak_ctr(+15) not_late(+10) not_fav(+10) sweet(+5);101;105.7;105.7;0;20;0.449
Meux|Habay La Neuve;Meux;Habay La Neuve;Belgium;National Division 1 - ACFF;20:00;2026-03-07;1;HOME;90;CORRECTION_UP;2.52;0.8000000000000007;smooth(+20) slow(+15) orc_ok(+15) weak_ctr(+15) not_late(+10) not_fav(+10) sweet(+5);37;111.3;111.3;2.2;20;0.449
OC Charleroi U21|Westerlo U21;OC Charleroi U21;Westerlo U21;Belgium;Pro League U21;20:00;2026-03-06;1;HOME;90;CORRECTION_UP;3.79;0.7978723404255386;smooth(+20) slow(+15) orc_ok(+15) weak_ctr(+15) not_late(+10) not_fav(+10) sweet(+5);56;110.1;110.2;6.3;20;0.449
Venlo|Waalwijk;Venlo;Waalwijk;Netherlands;Eerste Divisie;20:00;2026-03-06;2;AWAY;90;NEGLECT_UP;2.71;2.651515151515145;smooth(+20) slow(+15) orc_ok(+15) weak_ctr(+15) not_late(+10) not_fav(+10) sweet(+5);104;105.2;104.5;3.2;20;0.449
El Gouna|Wadi Degla;El Gouna;Wadi Degla;Egypt;Premier League;20:30;2026-03-06;1;HOME;90;NEGLECT_UP;3.48;2.654867256637164;smooth(+20) slow(+15) orc_ok(+15) weak_ctr(+15) not_late(+10) not_fav(+10) sweet(+5);65;104.2;105.0;5.7;20;0.449
New York City|Orlando City;New York City;Orlando City;USA;MLS;20:30;2026-03-07;X;DRAW;90;CORRECTION_UP;3.97;0.5063291139240511;smooth(+20) slow(+15) orc_ok(+15) weak_ctr(+15) not_late(+10) not_fav(+10) sweet(+5);83;102.6;101.9;6.6;20;0.449
West Ham|Brentford;West Ham;Brentford;England;FA Cup;20:30;2026-03-09;X;DRAW;90;NEGLECT_UP;3.6;1.4084507042253596;smooth(+20) slow(+15) orc_ok(+15) weak_ctr(+15) not_late(+10) not_fav(+10) sweet(+5);90;102.1;102.6;5.9;20;0.449
RAAL La Louviere|Antwerp;RAAL La Louviere;Antwerp;Belgium;Jupiler Pro League;20:45;2026-03-06;2;AWAY;90;NEGLECT_UP;2.85;1.7857142857142954;smooth(+20) slow(+15) orc_ok(+15) weak_ctr(+15) not_late(+10) not_fav(+10) sweet(+5);104;103.8;103.7;3.8;20;0.449
Atl. Rafaela 2|Estudiantes L.P. 2;Atl. Rafaela 2;Estudiantes L.P. 2;Argentina;Reserve League;21:00;2026-03-04;X;DRAW;90;DRIFT_UP;3.27;2.187499999999995;smooth(+20) slow(+15) orc_ok(+15) weak_ctr(+15) not_late(+10) not_fav(+10) sweet(+5);19;109.2;108.6;5.2;20;0.449
Ecuador W|Uruguay W;Ecuador W;Uruguay W;World;Friendly International Women;21:00;2026-03-04;1;HOME;90;NEGLECT_UP;2.45;2.0833333333333446;smooth(+20) slow(+15) orc_ok(+15) weak_ctr(+15) not_late(+10) not_fav(+10) sweet(+5);22;109.5;108.7;1.7;20;0.449
Erbil|Diyala;Erbil;Diyala;Iraq;Stars League;21:15;2026-03-01;2;AWAY;90;DRIFT_UP;3.55;0.8522727272727216;smooth(+20) slow(+15) orc_ok(+15) weak_ctr(+15) not_late(+10) not_fav(+10) sweet(+5);24;108.9;108.9;5.8;20;0.449
Racing Cordoba|CA Mitre;Racing Cordoba;CA Mitre;Argentina;Primera Nacional;22:00;2026-03-01;X;DRAW;90;NEGLECT_UP;3.05;1.6666666666666607;smooth(+20) slow(+15) orc_ok(+15) weak_ctr(+15) not_late(+10) not_fav(+10) sweet(+5);27;102.8;102.6;4.5;20;0.449
Caracas|Dep. Tachira;Caracas;Dep. Tachira;Venezuela;Liga FUTVE;23:00;2026-03-07;2;AWAY;90;NEGLECT_UP;2.24;2.2831050228310628;smooth(+20) slow(+15) orc_ok(+15) weak_ctr(+15) not_late(+10) not_fav(+10) sweet(+5);72;105.1;105.5;0.1;20;0.449
Chabab Mohammedia|USM Oujda;Chabab Mohammedia;USM Oujda;Morocco;Botola 2;23:00;2026-03-01;1;HOME;90;CORRECTION_UP;2.15;0.9389671361502356;smooth(+20) slow(+15) orc_ok(+15) weak_ctr(+15) not_late(+10) not_fav(+10) sweet(+5);32;107.5;107.1;0;20;0.449
Kashima Antlers|Verdy;Kashima Antlers;Verdy;Japan;J1 League;08:00;2026-03-07;1;HOME;80;CORRECTION_UP;1.81;0.555555555555556;smooth(+20) slow(+15) orc_ok(+15) weak_ctr(+15) not_late(+10) sweet(+5);101;101.5;100.7;0;20;0.449
Tunari|CSC Dumbravita;Tunari;CSC Dumbravita;Romania;Liga 2;14:00;2026-03-07;1;HOME;80;NEGLECT_UP;2.54;1.6000000000000014;smooth(+20) slow(+15) orc_ok(+15) weak_ctr(+15) not_fav(+10) sweet(+5);101;110.0;110.0;2.3;20;0.449
CSKA Sofia II|Pirin Blagoevgrad;CSKA Sofia II;Pirin Blagoevgrad;Bulgaria;Vtora liga;14:30;2026-03-09;1;HOME;80;NEGLECT_UP;1.81;1.6853932584269677;smooth(+20) slow(+15) orc_ok(+15) weak_ctr(+15) not_late(+10) sweet(+5);80;109.1;108.4;0;20;0.449
Zalaegerszegi|Gyor;Zalaegerszegi;Gyor;Hungary;NB I.;17:00;2026-03-07;2;AWAY;80;NEGLECT_UP;1.95;1.0362694300518145;smooth(+20) slow(+15) orc_ok(+15) weak_ctr(+15) not_late(+10) sweet(+5);101;105.7;105.4;0;20;0.449
Royal Union SG 2|Namur;Royal Union SG 2;Namur;Belgium;National Division 1 - ACFF;19:30;2026-03-07;1;HOME;80;CORRECTION_UP;1.84;0.5464480874316944;smooth(+20) slow(+15) orc_ok(+15) weak_ctr(+15) not_late(+10) sweet(+5);37;110.1;110.1;0;20;0.449
Union Rochefortoise|Tubize-Braine;Union Rochefortoise;Tubize-Braine;Belgium;National Division 1 - ACFF;20:00;2026-03-07;2;AWAY;80;CORRECTION_UP;1.81;0.555555555555556;smooth(+20) slow(+15) orc_ok(+15) weak_ctr(+15) not_late(+10) sweet(+5);37;110.1;110.1;0;20;0.449
Virton|Renaissance Mons;Virton;Renaissance Mons;Belgium;National Division 1 - ACFF;20:00;2026-03-07;2;AWAY;80;CORRECTION_UP;1.98;0.5076142131979701;smooth(+20) slow(+15) orc_ok(+15) weak_ctr(+15) not_late(+10) sweet(+5);37;110.2;110.2;0;20;0.449
Wanderers|Maldonado;Wanderers;Maldonado;Uruguay;Liga AUF Uruguaya;00:00;2026-03-07;2;AWAY;75;NEGLECT_UP;2.87;2.50000000000001;smooth(+20) slow(+15) orc_ok(+15) not_late(+10) not_fav(+10) sweet(+5);78;105.3;105.7;3.9;20;0.449
Charlotte|Austin FC;Charlotte;Austin FC;USA;MLS;01:30;2026-03-08;2;AWAY;75;NEGLECT_UP;3.7;2.77777777777778;smooth(+20) slow(+15) weak_ctr(+15) not_late(+10) not_fav(+10) sweet(+5);94;104.6;103.0;6.1;20;0.449
Ansan Greeners|Busan;Ansan Greeners;Busan;South Korea;K League 2;06:00;2026-03-08;1;HOME;75;NEGLECT_UP;3.8;2.150537634408592;smooth(+20) slow(+15) weak_ctr(+15) not_late(+10) not_fav(+10) sweet(+5);84;106.9;105.6;6.3;20;0.449
Pruszkow|Odra Opole;Pruszkow;Odra Opole;Poland;Division 1;12:00;2026-03-08;X;DRAW;75;NEGLECT_UP;3.25;6.907894736842104;smooth(+20) slow(+15) weak_ctr(+15) not_late(+10) not_fav(+10) sweet(+5);102;107.5;105.4;5.1;20;0.449
Chiangmai Utd|Pattani;Chiangmai Utd;Pattani;Thailand;Thai League 2;13:00;2026-03-04;2;AWAY;75;NEGLECT_UP;3.0;5.633802816901413;smooth(+20) slow(+15) weak_ctr(+15) not_late(+10) not_fav(+10) sweet(+5);146;108.8;107.0;4.3;20;0.449
Shinnik Yaroslavl|Ufa;Shinnik Yaroslavl;Ufa;Russia;FNL;13:00;2026-03-09;2;AWAY;75;NEGLECT_UP;3.83;2.680965147453086;smooth(+20) slow(+15) orc_ok(+15) not_late(+10) not_fav(+10) sweet(+5);36;104.6;104.8;6.4;20;0.449
Alzenau|Eintracht Trier;Alzenau;Eintracht Trier;Germany;Regionalliga Sudwest;14:00;2026-03-07;2;AWAY;75;CORRECTION_UP;2.22;0.9090909090909097;smooth(+20) slow(+15) orc_ok(+15) not_late(+10) not_fav(+10) sweet(+5);21;109.8;108.9;0;20;0.449
Dusseldorf II|Rodinghausen;Dusseldorf II;Rodinghausen;Germany;Regionalliga West;14:00;2026-03-07;1;HOME;75;NEGLECT_UP;2.28;1.7857142857142672;smooth(+20) slow(+15) weak_ctr(+15) not_late(+10) not_fav(+10) sweet(+5);21;110.2;109.1;0.5;20;0.449
Fulda-Lehnerz|Mainz II;Fulda-Lehnerz;Mainz II;Germany;Regionalliga Sudwest;14:00;2026-03-07;1;HOME;75;NEGLECT_UP;2.32;1.7543859649122824;smooth(+20) slow(+15) weak_ctr(+15) not_late(+10) not_fav(+10) sweet(+5);21;110.1;108.7;0.8;20;0.449
KFUM Oslo|Tromso;KFUM Oslo;Tromso;Norway;NM Cup;14:00;2026-03-07;X;DRAW;75;NEGLECT_UP;3.47;2.058823529411773;smooth(+20) slow(+15) orc_ok(+15) not_late(+10) not_fav(+10) sweet(+5);68;104.4;105.1;5.6;20;0.449
Le Mans|Annecy;Le Mans;Annecy;France;Ligue 2;14:00;2026-03-07;X;DRAW;75;NEGLECT_UP;3.25;1.8808777429467103;smooth(+20) slow(+15) weak_ctr(+15) not_late(+10) not_fav(+10) sweet(+5);101;105.4;103.7;5.1;20;0.449
Norderstedt|St. Pauli II;Norderstedt;St. Pauli II;Germany;Regionalliga North;14:00;2026-03-08;X;DRAW;75;NEGLECT_UP;3.84;1.0526315789473695;smooth(+20) slow(+15) weak_ctr(+15) not_late(+10) not_fav(+10) sweet(+5);21;107.7;108.9;6.4;20;0.449
Stutt. Kickers|Steinbach Haiger;Stutt. Kickers;Steinbach Haiger;Germany;Regionalliga Sudwest;14:00;2026-03-07;X;DRAW;75;NEGLECT_UP;3.54;1.142857142857144;smooth(+20) slow(+15) weak_ctr(+15) not_late(+10) not_fav(+10) sweet(+5);21;109.9;111.2;5.8;20;0.449
Torino U20|Cagliari U20;Torino U20;Cagliari U20;Italy;Primavera 1;14:00;2026-03-04;1;HOME;75;NEGLECT_UP;2.12;1.4354066985646052;smooth(+20) slow(+15) weak_ctr(+15) not_late(+10) not_fav(+10) sweet(+5);49;107.8;105.6;0;20;0.449
Vilzing|Augsburg II;Vilzing;Augsburg II;Germany;Regionalliga Bayern;14:00;2026-03-07;X;DRAW;75;NEGLECT_UP;3.85;1.3157894736842175;smooth(+20) slow(+15) weak_ctr(+15) not_late(+10) not_fav(+10) sweet(+5);23;108.9;106.9;6.4;20;0.449
Wuppertal|Paderborn II;Wuppertal;Paderborn II;Germany;Regionalliga West;14:00;2026-03-07;1;HOME;75;NEGLECT_UP;3.01;2.7303754266211477;smooth(+20) orc_ok(+15) weak_ctr(+15) not_late(+10) not_fav(+10) sweet(+5);21;109.0;109.4;4.4;20;0.449
Yverdon|Lausanne Ouchy;Yverdon;Lausanne Ouchy;Switzerland;Challenge League;14:00;2026-03-08;X;DRAW;75;NEGLECT_UP;3.6;5.882352941176476;smooth(+20) slow(+15) weak_ctr(+15) not_late(+10) not_fav(+10) sweet(+5);103;107.6;104.8;5.9;20;0.449
Mantova|Juve Stabia;Mantova;Juve Stabia;Italy;Serie B;15:00;2026-03-08;1;HOME;75;NEGLECT_UP;2.85;9.615384615384615;smooth(+20) slow(+15) weak_ctr(+15) not_late(+10) not_fav(+10) sweet(+5);85;106.3;104.2;3.8;20;0.449
Slovacko|Mlada Boleslav;Slovacko;Mlada Boleslav;Czech Republic;Chance Liga;15:00;2026-03-07;1;HOME;75;NEGLECT_UP;2.2;2.32558139534885;smooth(+20) slow(+15) weak_ctr(+15) not_late(+10) not_fav(+10) sweet(+5);101;104.8;103.5;0;20;0.449
Szeged|Mezokovesd-Zsory;Szeged;Mezokovesd-Zsory;Hungary;NB II.;15:00;2026-03-08;1;HOME;75;DRIFT_UP;2.32;2.2026431718061596;smooth(+20) orc_ok(+15) weak_ctr(+15) not_late(+10) not_fav(+10) sweet(+5);4;110.3;109.3;0.8;20;0.449
Amora|Atletico CP;Amora;Atletico CP;Portugal;Liga 3;16:00;2026-03-07;2;AWAY;75;NEGLECT_UP;2.39;9.633027522935777;smooth(+20) slow(+15) orc_ok(+15) not_late(+10) not_fav(+10) sweet(+5);97;107.5;106.5;1.3;20;0.449
Arbroath|Ross County;Arbroath;Ross County;Scotland;Championship;16:00;2026-03-07;1;HOME;75;NEGLECT_UP;2.27;2.714932126696835;smooth(+20) slow(+15) weak_ctr(+15) not_late(+10) not_fav(+10) sweet(+5);101;107.1;105.3;0.4;20;0.449
Club America U21|Juarez U21;Club America U21;Juarez U21;Mexico;Liga MX U21;16:00;2026-03-04;1;HOME;75;NEGLECT_UP;2.24;2.7522935779816535;smooth(+20) slow(+15) weak_ctr(+15) not_late(+10) not_fav(+10) sweet(+5);33;109.0;107.5;0.1;20;0.449
Covilha|1º Dezembro;Covilha;1º Dezembro;Portugal;Liga 3;16:00;2026-03-07;1;HOME;75;NEGLECT_UP;2.69;1.1278195488721732;smooth(+20) slow(+15) weak_ctr(+15) not_late(+10) not_fav(+10) sweet(+5);97;107.4;106.1;3.1;20;0.449
Crawley|Swindon;Crawley;Swindon;England;League Two;16:00;2026-03-07;2;AWAY;75;NEGLECT_UP;2.25;2.739726027397263;smooth(+20) slow(+15) weak_ctr(+15) not_late(+10) not_fav(+10) sweet(+5);101;106.0;104.0;0.2;20;0.449
Gent|KV Mechelen;Gent;KV Mechelen;Belgium;Jupiler Pro League;16:00;2026-03-08;1;HOME;75;NEGLECT_UP;2.05;1.4851485148514756;smooth(+20) slow(+15) weak_ctr(+15) not_late(+10) not_fav(+10) sweet(+5);103;104.3;103.2;0;20;0.449
Lusitano GC|Caldas;Lusitano GC;Caldas;Portugal;Liga 3;16:00;2026-03-07;X;DRAW;75;NEGLECT_UP;3.28;1.2345679012345552;smooth(+20) slow(+15) weak_ctr(+15) not_late(+10) not_fav(+10) sweet(+5);97;108.0;106.7;5.2;20;0.449
Seraing|Francs Borains;Seraing;Francs Borains;Belgium;Challenger Pro League;16:00;2026-03-08;1;HOME;75;NEGLECT_UP;2.7;1.123595505617987;smooth(+20) slow(+15) weak_ctr(+15) not_late(+10) not_fav(+10) sweet(+5);103;106.4;105.3;3.1;20;0.449
Krylya Sovetov|Orenburg;Krylya Sovetov;Orenburg;Russia;Russian Cup;16:30;2026-03-04;X;DRAW;75;CORRECTION_UP;3.55;0.5665722379603405;smooth(+20) slow(+15) orc_ok(+15) not_late(+10) not_fav(+10) sweet(+5);210;102.0;102.1;5.8;20;0.449
Penafiel|SC Farense;Penafiel;SC Farense;Portugal;Liga Portugal 2;16:30;2026-03-07;1;HOME;75;NEGLECT_UP;3.02;1.342281879194632;smooth(+20) slow(+15) weak_ctr(+15) not_late(+10) not_fav(+10) sweet(+5);101;108.0;105.3;4.4;20;0.449
Real Bamako|Djoliba;Real Bamako;Djoliba;Mali;Premiere Division;17:00;2026-03-04;2;AWAY;75;NEGLECT_UP;2.75;1.8518518518518452;smooth(+20) slow(+15) weak_ctr(+15) not_late(+10) not_fav(+10) sweet(+5);37;109.9;107.6;3.4;20;0.449
Carrarese|Palermo;Carrarese;Palermo;Italy;Serie B;17:15;2026-03-08;2;AWAY;75;CORRECTION_UP;2.05;0.9852216748768483;smooth(+20) slow(+15) weak_ctr(+15) not_late(+10) not_fav(+10) sweet(+5);85;106.1;103.5;0;20;0.449
Hapoel Hadera|Kiryat Yam;Hapoel Hadera;Kiryat Yam;Israel;Leumit League;18:00;2026-03-02;X;DRAW;75;CORRECTION_UP;3.18;0.9523809523809603;smooth(+20) orc_ok(+15) weak_ctr(+15) not_late(+10) not_fav(+10) sweet(+5);6;108.5;108.5;4.9;20;0.449
Waregem|St. Liege;Waregem;St. Liege;Belgium;Jupiler Pro League;18:30;2026-03-08;1;HOME;75;NEGLECT_UP;2.1;2.4390243902439157;smooth(+20) slow(+15) weak_ctr(+15) not_late(+10) not_fav(+10) sweet(+5);98;103.9;102.7;0;20;0.449
Aalborg|Aarhus Fremad;Aalborg;Aarhus Fremad;Denmark;1st Division;19:00;2026-03-06;1;HOME;75;CORRECTION_UP;2.2;0.9174311926605512;smooth(+20) slow(+15) weak_ctr(+15) not_late(+10) not_fav(+10) sweet(+5);104;105.7;104.1;0;20;0.449
Al-Shabbab|Al-Ahli Manama;Al-Shabbab;Al-Ahli Manama;Bahrain;Premier League;19:00;2026-03-05;X;DRAW;75;NEGLECT_UP;3.32;2.153846153846149;smooth(+20) slow(+15) weak_ctr(+15) not_late(+10) not_fav(+10) sweet(+5);56;109.4;108.3;5.3;20;0.449
CFR Cluj|Dinamo Bucuresti;CFR Cluj;Dinamo Bucuresti;Romania;Superliga;19:00;2026-03-09;2;AWAY;75;NEGLECT_UP;3.0;3.448275862068969;smooth(+20) slow(+15) weak_ctr(+15) not_late(+10) not_fav(+10) sweet(+5);81;105.4;102.8;4.3;20;0.449
Horsens|Lyngby;Horsens;Lyngby;Denmark;1st Division;19:00;2026-03-09;2;AWAY;75;NEGLECT_UP;2.7;1.5037593984962419;smooth(+20) slow(+15) weak_ctr(+15) not_late(+10) not_fav(+10) sweet(+5);90;106.2;104.6;3.1;20;0.449
Caen|Chateauroux;Caen;Chateauroux;France;National;19:30;2026-03-06;2;AWAY;75;NEGLECT_UP;3.8;1.3333333333333286;smooth(+20) slow(+15) weak_ctr(+15) not_late(+10) not_fav(+10) sweet(+5);104;106.8;105.3;6.3;20;0.449
Pescara|Bari;Pescara;Bari;Italy;Serie B;19:30;2026-03-08;2;AWAY;75;NEGLECT_UP;3.6;7.462686567164178;smooth(+20) slow(+15) weak_ctr(+15) not_late(+10) not_fav(+10) sweet(+5);85;105.8;103.6;5.9;20;0.449
Brooklyn|Indy Eleven;Brooklyn;Indy Eleven;USA;USL Championship;20:00;2026-03-08;2;AWAY;75;DRIFT_UP;3.55;1.7191977077363783;smooth(+20) orc_ok(+15) weak_ctr(+15) not_late(+10) not_fav(+10) sweet(+5);4;107.2;106.7;5.8;20;0.449
Laval|Guingamp;Laval;Guingamp;France;Ligue 2;20:00;2026-03-06;X;DRAW;75;NEGLECT_UP;3.3;1.8518518518518396;smooth(+20) slow(+15) weak_ctr(+15) not_late(+10) not_fav(+10) sweet(+5);104;104.8;102.7;5.2;20;0.449
Al Masry|El Ismaily;Al Masry;El Ismaily;Egypt;Premier League;20:30;2026-03-06;X;DRAW;75;NEGLECT_UP;3.69;1.0958904109589052;smooth(+20) slow(+15) weak_ctr(+15) not_late(+10) not_fav(+10) sweet(+5);95;104.2;106.0;6.1;20;0.449
Benevento|Catania;Benevento;Catania;Italy;Serie C - Group C;20:30;2026-03-05;2;AWAY;75;NEGLECT_UP;3.05;2.006688963210689;smooth(+20) slow(+15) weak_ctr(+15) not_late(+10) not_fav(+10) sweet(+5);63;109.3;107.4;4.5;20;0.449
Buochs|Delemont;Buochs;Delemont;Switzerland;1.Liga Classic Group 2;20:30;2026-03-04;2;AWAY;75;NEGLECT_UP;2.12;2.4154589371980806;smooth(+20) slow(+15) weak_ctr(+15) not_late(+10) not_fav(+10) sweet(+5);45;110.6;109.3;0;20;0.449
Casertana|Salernitana;Casertana;Salernitana;Italy;Serie C - Group C;20:30;2026-03-05;1;HOME;75;NEGLECT_UP;2.95;2.4305555555555656;smooth(+20) slow(+15) weak_ctr(+15) not_late(+10) not_fav(+10) sweet(+5);63;109.0;107.3;4.2;20;0.449
Ceramica Cleopatra|National Bank Egypt;Ceramica Cleopatra;National Bank Egypt;Egypt;Premier League;20:30;2026-03-05;1;HOME;75;NEGLECT_UP;2.4;2.5641025641025665;smooth(+20) slow(+15) weak_ctr(+15) not_late(+10) not_fav(+10) sweet(+5);96;105.3;103.4;1.4;20;0.449
Thun|St. Gallen;Thun;St. Gallen;Switzerland;Super League;20:30;2026-03-05;1;HOME;75;NEGLECT_UP;2.16;1.8867924528301903;smooth(+20) slow(+15) weak_ctr(+15) not_late(+10) not_fav(+10) sweet(+5);106;104.0;102.8;0;20;0.449
Dunkerque|Reims;Dunkerque;Reims;France;Ligue 2;20:45;2026-03-09;2;AWAY;75;NEGLECT_UP;2.35;2.6200873362445436;smooth(+20) slow(+15) weak_ctr(+15) not_late(+10) not_fav(+10) sweet(+5);63;104.2;102.6;1.0;20;0.449
Exeter|Burton;Exeter;Burton;England;League One;20:45;2026-03-03;2;AWAY;75;NEGLECT_UP;3.2;1.5873015873015959;smooth(+20) slow(+15) weak_ctr(+15) not_late(+10) not_fav(+10) sweet(+5);262;104.3;101.8;5.0;20;0.449
Portadown|Cliftonville;Portadown;Cliftonville;Northern Ireland;NIFL Premiership;20:45;2026-03-04;1;HOME;75;NEGLECT_UP;2.78;6.1068702290076216;smooth(+20) slow(+15) weak_ctr(+15) not_late(+10) not_fav(+10) sweet(+5);210;106.8;105.2;3.5;20;0.449
Sligo Rovers|Drogheda;Sligo Rovers;Drogheda;Ireland;Premier Division;20:45;2026-03-07;1;HOME;75;NEGLECT_UP;2.85;3.2608695652174022;smooth(+20) slow(+15) weak_ctr(+15) not_late(+10) not_fav(+10) sweet(+5);101;104.6;102.9;3.8;20;0.449
Walsall|Fleetwood;Walsall;Fleetwood;England;League Two;20:45;2026-03-03;X;DRAW;75;NEGLECT_UP;3.42;2.0895522388059655;smooth(+20) slow(+15) orc_ok(+15) not_late(+10) not_fav(+10) sweet(+5);262;104.0;103.9;5.5;20;0.449
Newcastle|Barcelona;Newcastle;Barcelona;Europe;Champions League;21:00;2026-03-10;2;AWAY;75;NEGLECT_UP;2.4;1.2658227848101182;smooth(+20) slow(+15) weak_ctr(+15) not_late(+10) not_fav(+10) sweet(+5);57;102.6;100.5;1.4;20;0.449
Newcastle|Manchester City;Newcastle;Manchester City;England;FA Cup;21:00;2026-03-07;X;DRAW;75;NEGLECT_UP;3.97;2.319587628865987;smooth(+20) slow(+15) orc_ok(+15) not_late(+10) not_fav(+10) sweet(+5);101;103.1;103.1;6.6;20;0.449
Real Santander|Quindio;Real Santander;Quindio;Colombia;Primera B;21:00;2026-03-05;X;DRAW;75;NEGLECT_UP;3.1;2.31023102310232;smooth(+20) slow(+15) weak_ctr(+15) not_late(+10) not_fav(+10) sweet(+5);101;107.7;105.3;4.7;20;0.449
Shamrock Rovers|Derry City;Shamrock Rovers;Derry City;Ireland;Premier Division;21:00;2026-03-06;2;AWAY;75;NEGLECT_UP;3.1;1.6393442622950907;smooth(+20) slow(+15) weak_ctr(+15) not_late(+10) not_fav(+10) sweet(+5);104;105.2;103.2;4.7;20;0.449
Valencia|Alaves;Valencia;Alaves;Spain;LaLiga;21:00;2026-03-08;X;DRAW;75;NEGLECT_UP;3.3;4.761904761904759;smooth(+20) slow(+15) weak_ctr(+15) not_late(+10) not_fav(+10) sweet(+5);103;102.7;100.8;5.2;20;0.449
Dep. Pasto W|Inter Palmira W;Dep. Pasto W;Inter Palmira W;Colombia;Liga Women;23:00;2026-03-01;2;AWAY;75;NEGLECT_UP;2.51;2.868852459016387;smooth(+20) slow(+15) weak_ctr(+15) not_late(+10) not_fav(+10) sweet(+5);32;109.3;107.5;2.1;20;0.449
Atlanta Utd|Real Salt Lake;Atlanta Utd;Real Salt Lake;USA;MLS;01:30;2026-03-08;1;HOME;70;DRIFT_UP;2.2;0.9174311926605512;slow(+15) orc_ok(+15) weak_ctr(+15) not_late(+10) not_fav(+10) sweet(+5);103;102.4;102.7;0;20;0.449
Juventud (Uru)|Ind. Medellin (Col);Juventud (Uru);Ind. Medellin (Col);South America;Copa Libertadores;01:30;2026-03-06;1;HOME;70;DRIFT_UP;3.19;0.9493670886075887;slow(+15) orc_ok(+15) weak_ctr(+15) not_late(+10) not_fav(+10) sweet(+5);104;102.8;102.3;4.9;20;0.449
Necaxa|UNAM Pumas;Necaxa;UNAM Pumas;Mexico;Liga MX;04:00;2026-03-07;1;HOME;70;DRIFT_UP;2.28;0.8849557522123902;slow(+15) orc_ok(+15) weak_ctr(+15) not_late(+10) not_fav(+10) sweet(+5);90;106.2;105.3;0.5;20;0.449
Hurstville Zagreb|Bulls Academy;Hurstville Zagreb;Bulls Academy;Australia;NSW League One;10:00;2026-03-06;2;AWAY;70;NEGLECT_UP;2.58;1.176470588235304;slow(+15) orc_ok(+15) weak_ctr(+15) not_late(+10) not_fav(+10) sweet(+5);46;110.2;111.0;2.5;20;0.449
Seoul (Kor)|Vissel Kobe (Jpn);Seoul (Kor);Vissel Kobe (Jpn);Asia;AFC Champions League;11:00;2026-03-04;1;HOME;70;NEGLECT_UP;3.03;5.20833333333333;slow(+15) orc_ok(+15) weak_ctr(+15) not_late(+10) not_fav(+10) sweet(+5);210;103.8;104.3;4.4;20;0.449
NagaWorld|Visakha;NagaWorld;Visakha;Cambodia;Hun Sen Cup;12:00;2026-03-04;1;HOME;70;NEGLECT_UP;2.24;1.8181818181818195;slow(+15) orc_ok(+15) weak_ctr(+15) not_late(+10) not_fav(+10) sweet(+5);131;109.1;108.7;0.1;20;0.449
Lokomotive Leipzig|Jena;Lokomotive Leipzig;Jena;Germany;Regionalliga Nordost;14:00;2026-03-08;2;AWAY;70;DRIFT_UP;3.95;1.282051282051289;slow(+15) orc_ok(+15) weak_ctr(+15) not_late(+10) not_fav(+10) sweet(+5);14;107.6;107.9;6.6;20;0.449
Ostrava U19|Sparta Prague U19;Ostrava U19;Sparta Prague U19;Czech Republic;U19 League;14:15;2026-03-04;2;AWAY;70;DRIFT_UP;2.4;0.8403361344537823;slow(+15) orc_ok(+15) weak_ctr(+15) not_late(+10) not_fav(+10) sweet(+5);58;109.9;109.1;1.4;20;0.449
FK Rostov|Baltika;FK Rostov;Baltika;Russia;Premier League;14:45;2026-03-07;X;DRAW;70;DRIFT_UP;3.1;0.6493506493506499;slow(+15) orc_ok(+15) weak_ctr(+15) not_late(+10) not_fav(+10) sweet(+5);101;101.5;101.1;4.7;20;0.449
Rubin Kazan|Krasnodar;Rubin Kazan;Krasnodar;Russia;Premier League;15:00;2026-03-08;2;AWAY;70;NEGLECT_UP;1.95;1.0362694300518145;smooth(+20) slow(+15) orc_ok(+15) weak_ctr(+15) sweet(+5);103;101.5;101.4;0;20;0.449
Skalica|Presov;Skalica;Presov;Slovakia;Nike liga;15:30;2026-03-07;X;DRAW;70;NEGLECT_UP;3.41;2.0958083832335417;slow(+15) orc_ok(+15) weak_ctr(+15) not_late(+10) not_fav(+10) sweet(+5);82;105.2;105.6;5.5;20;0.449
Braintree|Wealdstone;Braintree;Wealdstone;England;National League;16:00;2026-03-07;1;HOME;70;NEGLECT_UP;3.1;1.6393442622950907;slow(+15) orc_ok(+15) weak_ctr(+15) not_late(+10) not_fav(+10) sweet(+5);101;106.5;106.0;4.7;20;0.449
Moreirense|Nacional;Moreirense;Nacional;Portugal;Liga Portugal;16:30;2026-03-07;1;HOME;70;DRIFT_UP;2.41;0.836820083682009;slow(+15) orc_ok(+15) weak_ctr(+15) not_late(+10) not_fav(+10) sweet(+5);101;103.0;103.0;1.5;20;0.449
Gimnastica Segoviana|Marino de Luanco;Gimnastica Segoviana;Marino de Luanco;Spain;Segunda RFEF - Group 1;18:00;2026-03-04;X;DRAW;70;DRIFT_UP;3.08;0.9836065573770574;slow(+15) orc_ok(+15) weak_ctr(+15) not_late(+10) not_fav(+10) sweet(+5);40;107.9;108.7;4.6;20;0.449
Quevilly Rouen|Versailles;Quevilly Rouen;Versailles;France;National;19:30;2026-03-06;X;DRAW;70;DRIFT_UP;3.06;0.9900990099009984;slow(+15) orc_ok(+15) weak_ctr(+15) not_late(+10) not_fav(+10) sweet(+5);104;106.5;106.0;4.5;20;0.449
Atletico GO|Goias;Atletico GO;Goias;Brazil;Goiano;20:00;2026-03-07;1;HOME;70;DRIFT_UP;2.24;0.9009009009009016;slow(+15) orc_ok(+15) weak_ctr(+15) not_late(+10) not_fav(+10) sweet(+5);36;109.6;109.2;0.1;20;0.449
Bari|Empoli;Bari;Empoli;Italy;Serie B;20:00;2026-03-04;1;HOME;70;NEGLECT_UP;3.09;2.657807308970102;slow(+15) orc_ok(+15) weak_ctr(+15) not_late(+10) not_fav(+10) sweet(+5);210;102.5;103.1;4.6;20;0.449
Nancy|Montpellier;Nancy;Montpellier;France;Ligue 2;20:00;2026-03-06;1;HOME;70;NEGLECT_UP;2.85;1.4234875444839872;slow(+15) orc_ok(+15) weak_ctr(+15) not_late(+10) not_fav(+10) sweet(+5);104;104.7;104.5;3.8;20;0.449
Olympiacos Piraeus|PAOK;Olympiacos Piraeus;PAOK;Greece;Super League;20:00;2026-03-08;1;HOME;70;DRIFT_UP;2.12;0.9523809523809532;slow(+15) orc_ok(+15) weak_ctr(+15) not_late(+10) not_fav(+10) sweet(+5);103;103.7;103.2;0;20;0.449
Tottenham|Crystal Palace;Tottenham;Crystal Palace;England;Premier League;21:00;2026-03-05;1;HOME;70;DRIFT_UP;2.45;0.8230452674897125;slow(+15) orc_ok(+15) weak_ctr(+15) not_late(+10) not_fav(+10) sweet(+5);106;100.3;100.5;1.7;20;0.449
Colo Colo|U. De Chile;Colo Colo;U. De Chile;Chile;Liga de Primera;22:00;2026-03-01;X;DRAW;70;DRIFT_UP;3.34;1.2121212121212133;slow(+15) orc_ok(+15) weak_ctr(+15) not_late(+10) not_fav(+10) sweet(+5);27;103.4;102.5;5.3;20;0.449
Carabobo (Ven)|Sporting Cristal (Per);Carabobo (Ven);Sporting Cristal (Per);South America;Copa Libertadores;23:00;2026-03-04;2;AWAY;70;DRIFT_UP;2.9;0.6944444444444451;slow(+15) orc_ok(+15) weak_ctr(+15) not_late(+10) not_fav(+10) sweet(+5);210;103.0;103.8;4.0;20;0.449
Nacional|Penarol;Nacional;Penarol;Uruguay;Liga AUF Uruguaya;23:30;2026-03-01;X;DRAW;70;DRIFT_UP;3.18;0.6329113924050638;slow(+15) orc_ok(+15) weak_ctr(+15) not_late(+10) not_fav(+10) sweet(+5);37;102.9;103.1;4.9;20;0.449
