captured_at	kick_off	min_to_ko	type	match	bet	odds	confidence	change	opening	reason
13:53:18	14:00	7	STEAM	US Chaouia vs Magra	1 (US Chaouia)	1.52	95%	-11.1%	1.71	Steam move: odds dropped -11.1% | Sustained odds drop: 1.71 → 1.52 (-11.1%) | Strong drop >8% | Other outcomes rising while this drops — market consensus | Only 7 min to kick-off — late data is more reliable | 42 snapshots — robust data
13:53:18	14:00	7	STEAM	MSP Batna vs CA Batna	2 (CA Batna)	2.04	95%	-17.7%	2.48	Steam move: odds dropped -17.7% | Sustained odds drop: 2.48 → 2.04 (-17.7%) | Strong drop >8% | Other outcomes rising while this drops — market consensus | Only 7 min to kick-off — late data is more reliable | 42 snapshots — robust data
13:53:18	14:00	7	STEAM	Chelghoum vs Telaghema	2 (Telaghema)	1.28	95%	-11.1%	1.44	Steam move: odds dropped -11.1% | Sustained odds drop: 1.44 → 1.28 (-11.1%) | Strong drop >8% | Other outcomes rising while this drops — market consensus | Only 7 min to kick-off — late data is more reliable | 42 snapshots — robust data
13:53:18	14:00	7	STEAM	GC Mascara vs El Biar	2 (El Biar)	1.82	95%	-15.7%	2.16	Steam move: odds dropped -15.7% | Sustained odds drop: 2.16 → 1.82 (-15.7%) | Strong drop >8% | Other outcomes rising while this drops — market consensus | Only 7 min to kick-off — late data is more reliable | 42 snapshots — robust data
13:53:18	14:00	7	STEAM	Austria Vienna W vs St. Polten W	1 (Austria Vienna W)	1.86	95%	-9.7%	2.06	Steam move: odds dropped -9.7% | Sustained odds drop: 2.06 → 1.86 (-9.7%) | Strong drop >8% | Other outcomes rising while this drops — market consensus | Only 7 min to kick-off — late data is more reliable | 42 snapshots — robust data
13:53:18	14:00	7	STEAM	Garage Express vs Olympic S.	1 (Garage Express)	5.20	95%	-16.1%	6.20	Steam move: odds dropped -16.1% | Sustained odds drop: 6.20 → 5.20 (-16.1%) | Strong drop >8% | Other outcomes rising while this drops — market consensus | Only 7 min to kick-off — late data is more reliable | 42 snapshots — robust data
13:53:18	14:00	7	STEAM	Jippo vs Klubi 04	1 (Jippo)	1.29	95%	-9.2%	1.42	Steam move: odds dropped -9.2% | Sustained odds drop: 1.42 → 1.29 (-9.2%) | Strong drop >8% | Other outcomes rising while this drops — market consensus | Only 7 min to kick-off — late data is more reliable | 42 snapshots — robust data
13:53:18	14:00	7	STEAM	Regensburg vs Viktoria Koln	1 (Regensburg)	2.12	95%	-8.6%	2.32	Steam move: odds dropped -8.6% | Sustained odds drop: 2.32 → 2.12 (-8.6%) | Strong drop >8% | Other outcomes rising while this drops — market consensus | Only 7 min to kick-off — late data is more reliable | 42 snapshots — robust data
13:53:18	14:00	7	STEAM	BVSC-Zuglo vs Csakvari	1 (BVSC-Zuglo)	2.51	95%	-8.1%	2.73	Steam move: odds dropped -8.1% | Sustained odds drop: 2.73 → 2.51 (-8.1%) | Strong drop >8% | Other outcomes rising while this drops — market consensus | Only 7 min to kick-off — late data is more reliable | 42 snapshots — robust data
13:53:18	14:00	7	STEAM	Wiener Viktoria (Aut) vs Dietach (Aut)	2 (Dietach (Aut))	2.46	95%	-20.1%	3.08	Steam move: odds dropped -20.1% | Sustained odds drop: 3.08 → 2.46 (-20.1%) | Strong drop >8% | Other outcomes rising while this drops — market consensus | Only 7 min to kick-off — late data is more reliable | 42 snapshots — robust data
13:53:18	14:00	7	STEAM	Power Dynamos (Zam) vs Berkane (Mar)	1 (Power Dynamos (Zam))	3.65	80%	-5.7%	3.87	Steam move: odds dropped -5.7% | Sustained odds drop: 3.87 → 3.65 (-5.7%) | Other outcomes rising while this drops — market consensus | Only 7 min to kick-off — late data is more reliable | 42 snapshots — robust data
13:53:18	14:00	7	STEAM	M.E.A.P. Nisou vs Karmiotissa	X (Draw)	4.15	80%	-13.2%	4.78	Steam move: odds dropped -13.2% | Sustained odds drop: 4.78 → 4.15 (-13.2%) | Strong drop >8% | Only 7 min to kick-off — late data is more reliable | 42 snapshots — robust data
13:53:18	14:00	7	STEAM	Digenis Akritas vs Kitiou	2 (Kitiou)	2.89	80%	-16.2%	3.45	Steam move: odds dropped -16.2% | Sustained odds drop: 3.45 → 2.89 (-16.2%) | Strong drop >8% | Only 7 min to kick-off — late data is more reliable | 42 snapshots — robust data
13:53:18	14:00	7	STEAM	Apea Akrotiriou vs Halkanoras	X (Draw)	3.22	80%	-5.3%	3.40	Steam move: odds dropped -5.3% | Sustained odds drop: 3.40 → 3.22 (-5.3%) | Other outcomes rising while this drops — market consensus | Only 7 min to kick-off — late data is more reliable | 42 snapshots — robust data
13:53:18	14:00	7	STEAM	Slavia Prague W vs Ostrava W	2 (Ostrava W)	40.75	80%	-15.3%	48.14	Steam move: odds dropped -15.3% | Sustained odds drop: 48.14 → 40.75 (-15.3%) | Strong drop >8% | Only 7 min to kick-off — late data is more reliable | 42 snapshots — robust data
13:53:18	14:00	7	STEAM	Wuppertal vs Dortmund II	1 (Wuppertal)	3.13	80%	-9.8%	3.47	Steam move: odds dropped -9.8% | Sustained odds drop: 3.47 → 3.13 (-9.8%) | Strong drop >8% | Only 7 min to kick-off — late data is more reliable | 42 snapshots — robust data
13:53:18	14:00	7	STEAM	Pelopas Kiatou vs Ermis Meligous	2 (Ermis Meligous)	7.76	80%	-8.6%	8.49	Steam move: odds dropped -8.6% | Sustained odds drop: 8.49 → 7.76 (-8.6%) | Strong drop >8% | Only 7 min to kick-off — late data is more reliable | 42 snapshots — robust data
13:53:18	14:00	7	STEAM	Chaidari vs AO Ilisiakos	2 (AO Ilisiakos)	2.25	80%	-9.6%	2.49	Steam move: odds dropped -9.6% | Sustained odds drop: 2.49 → 2.25 (-9.6%) | Strong drop >8% | Only 7 min to kick-off — late data is more reliable | 42 snapshots — robust data
13:53:18	14:00	7	STEAM	Javor vs TSC	1 (Javor)	2.58	80%	-8.2%	2.81	Steam move: odds dropped -8.2% | Sustained odds drop: 2.81 → 2.58 (-8.2%) | Strong drop >8% | Only 7 min to kick-off — late data is more reliable | 42 snapshots — robust data
13:53:18	14:00	7	STEAM	Highbury vs Sekhukhune	2 (Sekhukhune)	1.62	80%	-5.8%	1.72	Steam move: odds dropped -5.8% | Sustained odds drop: 1.72 → 1.62 (-5.8%) | Other outcomes rising while this drops — market consensus | Only 7 min to kick-off — late data is more reliable | 42 snapshots — robust data
13:53:18	14:00	7	STEAM	Ath Bilbao B vs Tenerife	1 (Ath Bilbao B)	3.35	80%	-21.6%	4.27	Steam move: odds dropped -21.6% | Sustained odds drop: 4.27 → 3.35 (-21.6%) | Strong drop >8% | Only 7 min to kick-off — late data is more reliable | 42 snapshots — robust data
13:53:18	14:00	7	STEAM	Slask Wroclaw II (Pol) vs Slavia Prague B (Cze)	X (Draw)	3.97	80%	-24.5%	5.26	Steam move: odds dropped -24.5% | Sustained odds drop: 5.26 → 3.97 (-24.5%) | Strong drop >8% | Only 7 min to kick-off — late data is more reliable | 42 snapshots — robust data
13:53:18	14:00	7	STEAM	Harrach vs RC Kouba	2 (RC Kouba)	5.34	65%	-6.2%	5.69	Steam move: odds dropped -6.2% | Sustained odds drop: 5.69 → 5.34 (-6.2%) | Only 7 min to kick-off — late data is more reliable | 42 snapshots — robust data
13:53:18	14:00	7	STEAM	Achyronas-Onisilos vs Ethnikos Latsion	1 (Achyronas-Onisilos)	3.52	65%	-5.9%	3.74	Steam move: odds dropped -5.9% | Sustained odds drop: 3.74 → 3.52 (-5.9%) | Only 7 min to kick-off — late data is more reliable | 42 snapshots — robust data
13:53:18	14:00	7	STEAM	Le Mans vs Laval	2 (Laval)	5.08	65%	-6.8%	5.45	Steam move: odds dropped -6.8% | Sustained odds drop: 5.45 → 5.08 (-6.8%) | Only 7 min to kick-off — late data is more reliable | 42 snapshots — robust data
13:53:18	14:00	7	STEAM	Hallescher vs Erfurt	2 (Erfurt)	3.08	65%	-5.8%	3.27	Steam move: odds dropped -5.8% | Sustained odds drop: 3.27 → 3.08 (-5.8%) | Only 7 min to kick-off — late data is more reliable | 42 snapshots — robust data
13:53:18	14:00	7	STEAM	Oberhausen vs Fortuna Koln	X (Draw)	3.32	65%	-5.1%	3.50	Steam move: odds dropped -5.1% | Sustained odds drop: 3.50 → 3.32 (-5.1%) | Only 7 min to kick-off — late data is more reliable | 42 snapshots — robust data
13:53:18	14:00	7	STEAM	Kyanos A. V. vs Aias	2 (Aias)	6.61	65%	-7.3%	7.13	Steam move: odds dropped -7.3% | Sustained odds drop: 7.13 → 6.61 (-7.3%) | Only 7 min to kick-off — late data is more reliable | 42 snapshots — robust data
13:53:18	14:00	7	SUSTAINED_DROP	M.E.A.P. Nisou vs Karmiotissa	1 (M.E.A.P. Nisou)	6.36	50%	-10.5%	7.11	Sustained odds drop: 7.11 → 6.36 (-10.5%) | Strong drop >8% | Only 7 min to kick-off — late data is more reliable | 42 snapshots — robust data
13:53:18	14:00	7	SUSTAINED_DROP	Oberhausen vs Fortuna Koln	1 (Oberhausen)	2.69	50%	-8.8%	2.95	Sustained odds drop: 2.95 → 2.69 (-8.8%) | Strong drop >8% | Only 7 min to kick-off — late data is more reliable | 42 snapshots — robust data
13:53:18	14:00	7	MIXED	Annaba vs Bordj Menail	1 (Annaba)	1.65	30%	-2.4%	1.69	Other outcomes rising while this drops — market consensus | Only 7 min to kick-off — late data is more reliable | 42 snapshots — robust data
13:53:18	14:00	7	MIXED	Saida vs Adrar	1 (Saida)	1.39	30%	-2.8%	1.43	Other outcomes rising while this drops — market consensus | Only 7 min to kick-off — late data is more reliable | 42 snapshots — robust data
13:53:18	14:00	7	MIXED	Lens W vs Fleury 91 W	1 (Lens W)	3.92	30%	-3.5%	4.06	Other outcomes rising while this drops — market consensus | Only 7 min to kick-off — late data is more reliable | 42 snapshots — robust data
13:53:18	14:00	7	MIXED	Eintracht Frankfurt W vs Bayer Leverkusen W	1 (Eintracht Frankfurt W)	1.64	30%	-4.7%	1.72	Other outcomes rising while this drops — market consensus | Only 7 min to kick-off — late data is more reliable | 42 snapshots — robust data
13:53:18	14:00	7	MIXED	Spartak Moscow (Rus) vs Dalian Yingbo (Chn)	1 (Spartak Moscow (Rus))	1.13	30%	-4.2%	1.18	Other outcomes rising while this drops — market consensus | Only 7 min to kick-off — late data is more reliable | 42 snapshots — robust data
14:18:06	14:25	7	STEAM	Dibba Al Fujairah vs Bani Yas	2 (Bani Yas)	1.93	80%	-7.7%	2.09	Steam move: odds dropped -7.7% | Sustained odds drop: 2.09 → 1.93 (-7.7%) | Other outcomes rising while this drops — market consensus | Only 7 min to kick-off — late data is more reliable | 50 snapshots — robust data
14:18:06	14:25	7	MIXED	Al Ain U23 vs Al Jazira U23	1 (Al Ain U23)	1.51	30%	-2.6%	1.55	Other outcomes rising while this drops — market consensus | Only 7 min to kick-off — late data is more reliable | 50 snapshots — robust data
14:21:08	14:30	9	STEAM	Jaro vs AC Oulu	2 (AC Oulu)	1.69	80%	-10.6%	1.89	Steam move: odds dropped -10.6% | Sustained odds drop: 1.89 → 1.69 (-10.6%) | Strong drop >8% | Only 9 min to kick-off — late data is more reliable | 51 snapshots — robust data
14:21:08	14:30	9	STEAM	Pro Vercelli U19 vs Lecco U19	1 (Pro Vercelli U19)	2.71	80%	-11.4%	3.06	Steam move: odds dropped -11.4% | Sustained odds drop: 3.06 → 2.71 (-11.4%) | Strong drop >8% | Only 9 min to kick-off — late data is more reliable | 51 snapshots — robust data
14:21:08	14:30	9	STEAM	Lumezzane vs Cittadella	1 (Lumezzane)	2.59	80%	-7.5%	2.80	Steam move: odds dropped -7.5% | Sustained odds drop: 2.80 → 2.59 (-7.5%) | Other outcomes rising while this drops — market consensus | Only 9 min to kick-off — late data is more reliable | 51 snapshots — robust data
14:21:08	14:30	9	STEAM	ACV Assen vs Hoek	1 (ACV Assen)	3.08	80%	-14.9%	3.62	Steam move: odds dropped -14.9% | Sustained odds drop: 3.62 → 3.08 (-14.9%) | Strong drop >8% | Only 9 min to kick-off — late data is more reliable | 51 snapshots — robust data
14:21:08	14:30	9	STEAM	GVVV vs HFC	1 (GVVV)	1.80	80%	-5.8%	1.91	Steam move: odds dropped -5.8% | Sustained odds drop: 1.91 → 1.80 (-5.8%) | Other outcomes rising while this drops — market consensus | Only 9 min to kick-off — late data is more reliable | 51 snapshots — robust data
14:21:08	14:30	9	STEAM	Excelsior Maassluis vs Spakenburg	2 (Spakenburg)	1.95	80%	-5.8%	2.07	Steam move: odds dropped -5.8% | Sustained odds drop: 2.07 → 1.95 (-5.8%) | Other outcomes rising while this drops — market consensus | Only 9 min to kick-off — late data is more reliable | 51 snapshots — robust data
14:21:08	14:30	9	STEAM	Rukh Lviv (Ukr) vs Rudes (Cro)	1 (Rukh Lviv (Ukr))	2.26	80%	-21.5%	2.88	Steam move: odds dropped -21.5% | Sustained odds drop: 2.88 → 2.26 (-21.5%) | Strong drop >8% | Only 9 min to kick-off — late data is more reliable | 51 snapshots — robust data
14:21:08	14:30	9	LATE_SHARP	Avellino U19 vs Pescara U19	1 (Avellino U19)	2.44	50%	-2.4%	2.50	Late sharp move detected on 1 | Only 9 min to kick-off — late data is more reliable | 51 snapshots — robust data
14:21:08	14:30	9	MIXED	Khroub vs Beni Oulbane	1 (Khroub)	1.70	30%	-2.3%	1.74	Other outcomes rising while this drops — market consensus | Only 9 min to kick-off — late data is more reliable | 51 snapshots — robust data
14:21:08	14:30	9	MIXED	ASM Oran vs Bechar Djedid	1 (ASM Oran)	1.38	30%	-2.8%	1.42	Other outcomes rising while this drops — market consensus | Only 9 min to kick-off — late data is more reliable | 51 snapshots — robust data
14:21:08	14:30	9	MIXED	Cittadella U19 vs Reggiana U19	1 (Cittadella U19)	1.63	30%	-3.0%	1.68	Other outcomes rising while this drops — market consensus | Only 9 min to kick-off — late data is more reliable | 38 snapshots — robust data
14:31:34	14:40	8	STEAM	Al Jahra vs Al Salmiya	2 (Al Salmiya)	1.46	80%	-7.0%	1.57	Steam move: odds dropped -7.0% | Sustained odds drop: 1.57 → 1.46 (-7.0%) | Other outcomes rising while this drops — market consensus | Only 8 min to kick-off — late data is more reliable | 54 snapshots — robust data
14:38:36	14:45	6	STEAM	Al Riffa vs Al-Hidd	1 (Al Riffa)	1.33	80%	-7.6%	1.44	Steam move: odds dropped -7.6% | Sustained odds drop: 1.44 → 1.33 (-7.6%) | Other outcomes rising while this drops — market consensus | Only 7 min to kick-off — late data is more reliable | 56 snapshots — robust data
14:51:35	15:00	8	LATE_SHARP	Quick Boys vs De Treffers	2 (De Treffers)	3.07	95%	-12.5%	3.51	Late sharp move detected on 2 | Steam move: odds dropped -12.5% | Sustained odds drop: 3.51 → 3.07 (-12.5%) | Strong drop >8% | Only 8 min to kick-off — late data is more reliable | 60 snapshots — robust data
14:51:35	15:00	8	STEAM	Jablonec vs Slovacko	2 (Slovacko)	4.57	80%	-14.3%	5.33	Steam move: odds dropped -14.3% | Sustained odds drop: 5.33 → 4.57 (-14.3%) | Strong drop >8% | Only 8 min to kick-off — late data is more reliable | 60 snapshots — robust data
14:51:35	15:00	8	STEAM	Teplice vs Karvina	1 (Teplice)	2.73	80%	-10.8%	3.06	Steam move: odds dropped -10.8% | Sustained odds drop: 3.06 → 2.73 (-10.8%) | Strong drop >8% | Only 8 min to kick-off — late data is more reliable | 60 snapshots — robust data
14:51:35	15:00	8	STEAM	Catanzaro vs Reggiana	1 (Catanzaro)	1.68	80%	-6.2%	1.79	Steam move: odds dropped -6.2% | Sustained odds drop: 1.79 → 1.68 (-6.2%) | Other outcomes rising while this drops — market consensus | Only 8 min to kick-off — late data is more reliable | 60 snapshots — robust data
14:51:35	15:00	8	STEAM	Al Sahel vs Nejmeh SC	2 (Nejmeh SC)	1.46	80%	-7.0%	1.57	Steam move: odds dropped -7.0% | Sustained odds drop: 1.57 → 1.46 (-7.0%) | Other outcomes rising while this drops — market consensus | Only 8 min to kick-off — late data is more reliable | 60 snapshots — robust data
14:51:35	15:00	8	STEAM	IJsselmeervogels vs Rijnsburgse Boys	2 (Rijnsburgse Boys)	1.59	80%	-5.4%	1.68	Steam move: odds dropped -5.4% | Sustained odds drop: 1.68 → 1.59 (-5.4%) | Other outcomes rising while this drops — market consensus | Only 8 min to kick-off — late data is more reliable | 60 snapshots — robust data
14:51:35	15:00	8	STEAM	Mouloudia Oujda vs Amal Tiznit	2 (Amal Tiznit)	3.88	65%	-5.8%	4.12	Steam move: odds dropped -5.8% | Sustained odds drop: 4.12 → 3.88 (-5.8%) | Only 8 min to kick-off — late data is more reliable | 60 snapshots — robust data
14:51:35	15:00	8	LATE_SHARP	Nottingham U21 vs West Brom U21	2 (West Brom U21)	5.53	50%	-4.7%	5.80	Late sharp move detected on 2 | Only 8 min to kick-off — late data is more reliable | 60 snapshots — robust data
14:51:35	15:00	8	MIXED	Ostrava vs Sigma Olomouc	1 (Ostrava)	2.50	30%	-2.7%	2.57	Other outcomes rising while this drops — market consensus | Only 8 min to kick-off — late data is more reliable | 60 snapshots — robust data
14:51:35	15:00	8	MIXED	Libertas vs Murata	1 (Libertas)	1.93	30%	-4.0%	2.01	Other outcomes rising while this drops — market consensus | Only 8 min to kick-off — late data is more reliable | 60 snapshots — robust data
14:51:35	15:00	8	MIXED	Pennarossa vs Tre Penne	X (Draw)	5.57	30%	-2.5%	5.71	Other outcomes rising while this drops — market consensus | Only 8 min to kick-off — late data is more reliable | 60 snapshots — robust data
14:51:35	15:00	8	MIXED	Pari NN (Rus) vs Yenisey (Rus)	1 (Pari NN (Rus))	1.40	30%	-4.1%	1.46	Other outcomes rising while this drops — market consensus | Only 8 min to kick-off — late data is more reliable | 60 snapshots — robust data
15:22:17	15:30	8	STEAM	Al Khaboora vs Dhofar	X (Draw)	2.44	95%	-10.3%	2.72	Steam move: odds dropped -10.3% | Sustained odds drop: 2.72 → 2.44 (-10.3%) | Strong drop >8% | Other outcomes rising while this drops — market consensus | Only 8 min to kick-off — late data is more reliable | 68 snapshots — robust data
15:22:17	15:30	8	STEAM	Freiburg vs Werder Bremen	X (Draw)	3.35	65%	-6.2%	3.57	Steam move: odds dropped -6.2% | Sustained odds drop: 3.57 → 3.35 (-6.2%) | Only 8 min to kick-off — late data is more reliable | 68 snapshots — robust data
15:22:17	15:30	8	STEAM	Bala vs Cardiff Metropolitan	1 (Bala)	3.25	65%	-7.1%	3.50	Steam move: odds dropped -7.1% | Sustained odds drop: 3.50 → 3.25 (-7.1%) | Only 8 min to kick-off — late data is more reliable | 68 snapshots — robust data
15:22:17	15:30	8	MIXED	Mainz vs Augsburg	1 (Mainz)	1.96	30%	-3.5%	2.03	Other outcomes rising while this drops — market consensus | Only 8 min to kick-off — late data is more reliable | 68 snapshots — robust data
15:22:17	15:30	8	MIXED	Wolfsburg vs Dortmund	2 (Dortmund)	1.69	30%	-2.3%	1.73	Other outcomes rising while this drops — market consensus | Only 8 min to kick-off — late data is more reliable | 68 snapshots — robust data
15:22:17	15:30	8	MIXED	St. Pauli vs Stuttgart	2 (Stuttgart)	1.72	30%	-2.8%	1.77	Other outcomes rising while this drops — market consensus | Only 8 min to kick-off — late data is more reliable | 68 snapshots — robust data
15:37:20	15:45	8	STEAM	Zarautz KE vs Portugalete	X (Draw)	4.27	80%	-9.7%	4.73	Steam move: odds dropped -9.7% | Sustained odds drop: 4.73 → 4.27 (-9.7%) | Strong drop >8% | Only 8 min to kick-off — late data is more reliable | 73 snapshots — robust data
15:53:38	16:00	6	STEAM	Aveley vs Dulwich Hamlet	X (Draw)	3.35	95%	-9.5%	3.70	Steam move: odds dropped -9.5% | Sustained odds drop: 3.70 → 3.35 (-9.5%) | Strong drop >8% | Other outcomes rising while this drops — market consensus | Only 6 min to kick-off — late data is more reliable | 76 snapshots — robust data
15:53:38	16:00	6	STEAM	Scunthorpe vs Southend	1 (Scunthorpe)	2.00	95%	-20.3%	2.51	Steam move: odds dropped -20.3% | Sustained odds drop: 2.51 → 2.00 (-20.3%) | Strong drop >8% | Other outcomes rising while this drops — market consensus | Only 6 min to kick-off — late data is more reliable | 76 snapshots — robust data
15:53:38	16:00	6	STEAM	Coquimbo vs Palestino	2 (Palestino)	3.49	80%	-12.8%	4.00	Steam move: odds dropped -12.8% | Sustained odds drop: 4.00 → 3.49 (-12.8%) | Strong drop >8% | Only 6 min to kick-off — late data is more reliable | 78 snapshots — robust data
15:53:38	16:00	6	STEAM	Tamworth vs Hartlepool	1 (Tamworth)	2.62	80%	-5.1%	2.76	Steam move: odds dropped -5.1% | Sustained odds drop: 2.76 → 2.62 (-5.1%) | Other outcomes rising while this drops — market consensus | Only 6 min to kick-off — late data is more reliable | 76 snapshots — robust data
15:53:38	16:00	6	STEAM	Hampton & Richmond vs Hornchurch	1 (Hampton & Richmond)	3.10	80%	-10.9%	3.48	Steam move: odds dropped -10.9% | Sustained odds drop: 3.48 → 3.10 (-10.9%) | Strong drop >8% | Only 6 min to kick-off — late data is more reliable | 61 snapshots — robust data
15:53:38	16:00	6	STEAM	Maidstone vs Slough	2 (Slough)	5.33	65%	-5.5%	5.64	Steam move: odds dropped -5.5% | Sustained odds drop: 5.64 → 5.33 (-5.5%) | Only 6 min to kick-off — late data is more reliable | 61 snapshots — robust data
15:53:38	16:00	6	MIXED	Eupen vs Kortrijk	2 (Kortrijk)	1.81	30%	-2.7%	1.86	Other outcomes rising while this drops — market consensus | Only 6 min to kick-off — late data is more reliable | 78 snapshots — robust data
15:53:38	16:00	6	MIXED	Potters Bar vs Billericay	X (Draw)	3.93	30%	-4.2%	4.10	Other outcomes rising while this drops — market consensus | Only 6 min to kick-off — late data is more reliable | 76 snapshots — robust data
15:53:38	16:00	6	MIXED	Rochdale vs Carlisle	1 (Rochdale)	1.71	30%	-4.5%	1.79	Other outcomes rising while this drops — market consensus | Only 6 min to kick-off — late data is more reliable | 76 snapshots — robust data
15:53:38	16:00	6	MIXED	York City vs Forest Green	1 (York City)	1.71	30%	-2.8%	1.76	Other outcomes rising while this drops — market consensus | Only 6 min to kick-off — late data is more reliable | 76 snapshots — robust data
15:53:38	16:00	6	MIXED	Peterborough Sports vs Curzon Ashton	1 (Peterborough Sports)	2.13	30%	-2.3%	2.18	Other outcomes rising while this drops — market consensus | Only 6 min to kick-off — late data is more reliable | 75 snapshots — robust data
16:06:06	16:15	9	LATE_SHARP	Tarazona vs Sanluqueno	1 (Tarazona)	1.40	95%	-8.5%	1.53	Late sharp move detected on 1 | Steam move: odds dropped -8.5% | Sustained odds drop: 1.53 → 1.40 (-8.5%) | Strong drop >8% | Other outcomes rising while this drops — market consensus | Only 9 min to kick-off — late data is more reliable | 30 snapshots — robust data
16:06:06	16:15	9	STEAM	Barcelona vs Mallorca	2 (Mallorca)	14.64	65%	-7.3%	15.80	Steam move: odds dropped -7.3% | Sustained odds drop: 15.80 → 14.64 (-7.3%) | Only 9 min to kick-off — late data is more reliable | 31 snapshots — robust data
16:06:06	16:15	9	MIXED	Racing Club Ferrol vs Lugo	X (Draw)	2.88	30%	-4.0%	3.00	Other outcomes rising while this drops — market consensus | Only 9 min to kick-off — late data is more reliable | 30 snapshots — robust data
17:53:20	18:00	7	STEAM	Union Touarga vs Hassania Agadir	1 (Union Touarga)	1.98	95%	-11.2%	2.23				Steam move: odds dropped -11.2% | Sustained odds drop: 2.23 → 1.98 (-11.2%) | Strong drop >8% | Other outcomes rising while this drops — market consensus | Only 7 min to kick-off — late data is more reliable | 37 snapshots — robust data
17:53:20	18:00	7	STEAM	Rapperswil-Jona vs Yverdon	1 (Rapperswil-Jona)	2.26	95%	-13.4%	2.61				Steam move: odds dropped -13.4% | Sustained odds drop: 2.61 → 2.26 (-13.4%) | Strong drop >8% | Other outcomes rising while this drops — market consensus | Only 7 min to kick-off — late data is more reliable | 37 snapshots — robust data
17:53:20	18:00	7	LATE_SHARP	Kvik Halden (Nor) vs Arendal (Nor)	2 (Arendal (Nor))	1.67	95%	-12.1%	1.90				Late sharp move detected on 2 | Steam move: odds dropped -12.1% | Sustained odds drop: 1.90 → 1.67 (-12.1%) | Strong drop >8% | Other outcomes rising while this drops — market consensus | Only 7 min to kick-off — late data is more reliable | 37 snapshots — robust data
17:53:20	18:00	7	STEAM	Avranches vs Saumur Olympique	2 (Saumur Olympique)	2.87	80%	-12.5%	3.28				Steam move: odds dropped -12.5% | Sustained odds drop: 3.28 → 2.87 (-12.5%) | Strong drop >8% | Only 7 min to kick-off — late data is more reliable | 37 snapshots — robust data
17:53:20	18:00	7	STEAM	Dinan vs La Roche	2 (La Roche)	2.15	80%	-6.5%	2.30				Steam move: odds dropped -6.5% | Sustained odds drop: 2.30 → 2.15 (-6.5%) | Other outcomes rising while this drops — market consensus | Only 7 min to kick-off — late data is more reliable | 37 snapshots — robust data
17:53:20	18:00	7	STEAM	Colmar vs Blois	2 (Blois)	3.07	80%	-12.0%	3.49				Steam move: odds dropped -12.0% | Sustained odds drop: 3.49 → 3.07 (-12.0%) | Strong drop >8% | Only 7 min to kick-off — late data is more reliable | 37 snapshots — robust data
17:53:20	18:00	7	STEAM	Thionville vs Haguenau	2 (Haguenau)	4.72	80%	-13.4%	5.45				Steam move: odds dropped -13.4% | Sustained odds drop: 5.45 → 4.72 (-13.4%) | Strong drop >8% | Only 7 min to kick-off — late data is more reliable | 37 snapshots — robust data
17:53:20	18:00	7	STEAM	HSC '21 vs Eemdijk	1 (HSC '21)	5.95	80%	-15.5%	7.04				Steam move: odds dropped -15.5% | Sustained odds drop: 7.04 → 5.95 (-15.5%) | Strong drop >8% | Only 7 min to kick-off — late data is more reliable | 37 snapshots — robust data
17:53:20	18:00	7	STEAM	Gemert vs ASWH	2 (ASWH)	4.08	80%	-23.3%	5.32				Steam move: odds dropped -23.3% | Sustained odds drop: 5.32 → 4.08 (-23.3%) | Strong drop >8% | Only 7 min to kick-off — late data is more reliable | 37 snapshots — robust data
17:53:20	18:00	7	STEAM	SD Logrones vs Sestao	2 (Sestao)	2.21	80%	-11.2%	2.49				Steam move: odds dropped -11.2% | Sustained odds drop: 2.49 → 2.21 (-11.2%) | Strong drop >8% | Only 7 min to kick-off — late data is more reliable | 37 snapshots — robust data
17:53:20	18:00	7	STEAM	Sion vs Luzern	2 (Luzern)	3.03	80%	-5.0%	3.19				Steam move: odds dropped -5.0% | Sustained odds drop: 3.19 → 3.03 (-5.0%) | Other outcomes rising while this drops — market consensus | Only 7 min to kick-off — late data is more reliable | 37 snapshots — robust data
17:53:20	18:00	7	STEAM	Grenoble W vs Reims W	2 (Reims W)	3.47	65%	-6.0%	3.69				Steam move: odds dropped -6.0% | Sustained odds drop: 3.69 → 3.47 (-6.0%) | Only 7 min to kick-off — late data is more reliable | 37 snapshots — robust data
17:53:20	18:00	7	STEAM	Dun. Streda vs Slovan Bratislava	2 (Slovan Bratislava)	3.06	65%	-5.3%	3.23				Steam move: odds dropped -5.3% | Sustained odds drop: 3.23 → 3.06 (-5.3%) | Only 7 min to kick-off — late data is more reliable | 37 snapshots — robust data
17:53:20	18:00	7	SUSTAINED_DROP	Thionville vs Haguenau	X (Draw)	3.36	50%	-8.5%	3.67				Sustained odds drop: 3.67 → 3.36 (-8.5%) | Strong drop >8% | Only 7 min to kick-off — late data is more reliable | 37 snapshots — robust data
17:53:20	18:00	7	LATE_SHARP	Uerdingen vs Sonsbeck	2 (Sonsbeck)	4.50	50%	-4.3%	4.70				Late sharp move detected on 2 | Only 7 min to kick-off — late data is more reliable | 37 snapshots — robust data
17:53:20	18:00	7	LATE_SHARP	Rapperswil-Jona vs Yverdon	2 (Yverdon)	2.88	50%	+16.1%	2.48				Late sharp move detected on 2 | Only 7 min to kick-off — late data is more reliable | 37 snapshots — robust data
17:53:20	18:00	7	SUSTAINED_DROP	Gemert vs ASWH	X (Draw)	3.71	35%	-7.0%	3.99				Sustained odds drop: 3.99 → 3.71 (-7.0%) | Only 7 min to kick-off — late data is more reliable | 37 snapshots — robust data
17:53:20	18:00	7	MIXED	Leones Negros 2 vs Reboceros de La Piedad	1 (Leones Negros 2)	1.63	30%	-2.4%	1.67				Other outcomes rising while this drops — market consensus | Only 7 min to kick-off — late data is more reliable | 37 snapshots — robust data
17:53:20	18:00	7	MIXED	Winterthur vs Lugano	2 (Lugano)	1.58	30%	-2.5%	1.62				Other outcomes rising while this drops — market consensus | Only 7 min to kick-off — late data is more reliable | 37 snapshots — robust data
18:51:43	19:00	8	STEAM	Zabbar vs Marsaxlokk	2 (Marsaxlokk)	1.56	95%	-18.8%	1.92				Steam move: odds dropped -18.8% | Sustained odds drop: 1.92 → 1.56 (-18.8%) | Strong drop >8% | Other outcomes rising while this drops — market consensus | Only 8 min to kick-off — late data is more reliable | 43 snapshots — robust data
18:51:43	19:00	8	STEAM	Hamrun vs Naxxar	1 (Hamrun)	1.20	95%	-8.4%	1.31				Steam move: odds dropped -8.4% | Sustained odds drop: 1.31 → 1.20 (-8.4%) | Strong drop >8% | Other outcomes rising while this drops — market consensus | Only 8 min to kick-off — late data is more reliable | 43 snapshots — robust data
18:51:43	19:00	8	STEAM	RSC Anderlecht W vs Genk W	2 (Genk W)	9.61	80%	-9.3%	10.60				Steam move: odds dropped -9.3% | Sustained odds drop: 10.60 → 9.61 (-9.3%) | Strong drop >8% | Only 8 min to kick-off — late data is more reliable | 43 snapshots — robust data
18:51:43	19:00	8	STEAM	CFR Cluj vs U. Cluj	2 (U. Cluj)	3.62	80%	-8.3%	3.95				Steam move: odds dropped -8.3% | Sustained odds drop: 3.95 → 3.62 (-8.3%) | Strong drop >8% | Only 8 min to kick-off — late data is more reliable | 43 snapshots — robust data
18:51:43	19:00	8	STEAM	Leixoes vs Feirense	1 (Leixoes)	2.49	65%	-5.3%	2.63				Steam move: odds dropped -5.3% | Sustained odds drop: 2.63 → 2.49 (-5.3%) | Only 8 min to kick-off — late data is more reliable | 43 snapshots — robust data
18:51:43	19:00	8	LATE_SHARP	Zabbar vs Marsaxlokk	X (Draw)	3.70	50%	+8.8%	3.40				Late sharp move detected on X | Only 8 min to kick-off — late data is more reliable | 43 snapshots — robust data
18:51:43	19:00	8	LATE_SHARP	AD Tarma vs Sport Boys	X (Draw)	3.73	50%	-1.6%	3.79				Late sharp move detected on X | Only 8 min to kick-off — late data is more reliable | 43 snapshots — robust data
18:51:43	19:00	8	SUSTAINED_DROP	RSC Anderlecht W vs Genk W	X (Draw)	6.58	35%	-6.3%	7.02				Sustained odds drop: 7.02 → 6.58 (-6.3%) | Only 8 min to kick-off — late data is more reliable | 43 snapshots — robust data
18:51:43	19:00	8	SUSTAINED_DROP	Kifisia vs Atromitos	2 (Atromitos)	2.66	35%	-5.0%	2.80				Sustained odds drop: 2.80 → 2.66 (-5.0%) | Only 8 min to kick-off — late data is more reliable | 43 snapshots — robust data
18:51:43	19:00	8	MIXED	St. Liege W vs Westerlo W	1 (St. Liege W)	1.43	30%	-4.0%	1.49				Other outcomes rising while this drops — market consensus | Only 8 min to kick-off — late data is more reliable | 43 snapshots — robust data
18:51:43	19:00	8	MIXED	Sao Caetano vs Jabaquara	1 (Sao Caetano)	1.70	30%	-4.5%	1.78				Other outcomes rising while this drops — market consensus | Only 8 min to kick-off — late data is more reliable | 43 snapshots — robust data
18:51:43	19:00	8	MIXED	Montlouis vs Stade Poitevin	1 (Montlouis)	2.13	30%	-4.5%	2.23				Other outcomes rising while this drops — market consensus | Only 8 min to kick-off — late data is more reliable | 43 snapshots — robust data
19:21:20	19:30	9	LATE_SHARP	Polonia Bytom vs LKS Lodz	2 (LKS Lodz)	2.76	95%	-8.9%	3.03				Late sharp move detected on 2 | Steam move: odds dropped -8.9% | Sustained odds drop: 3.03 → 2.76 (-8.9%) | Strong drop >8% | Only 9 min to kick-off — late data is more reliable | 44 snapshots — robust data
19:21:20	19:30	9	LATE_SHARP	Ninove vs Belisia Bilzen	2 (Belisia Bilzen)	2.13	50%	-0.5%	2.14				Late sharp move detected on 2 | Only 9 min to kick-off — late data is more reliable | 44 snapshots — robust data
20:23:27	20:30	7	STEAM	Universidad O&M vs Moca	2 (Moca)	2.26	95%	-21.2%	2.87				Steam move: odds dropped -21.2% | Sustained odds drop: 2.87 → 2.26 (-21.2%) | Strong drop >8% | Other outcomes rising while this drops — market consensus | Only 7 min to kick-off — late data is more reliable | 51 snapshots — robust data
20:23:27	20:30	7	STEAM	Grasshoppers vs Young Boys	2 (Young Boys)	1.81	95%	-14.2%	2.11				Steam move: odds dropped -14.2% | Sustained odds drop: 2.11 → 1.81 (-14.2%) | Strong drop >8% | Other outcomes rising while this drops — market consensus | Only 7 min to kick-off — late data is more reliable | 51 snapshots — robust data
20:23:27	20:30	7	STEAM	Ferroviario vs Iguatu	1 (Ferroviario)	1.91	80%	-6.4%	2.04				Steam move: odds dropped -6.4% | Sustained odds drop: 2.04 → 1.91 (-6.4%) | Other outcomes rising while this drops — market consensus | Only 7 min to kick-off — late data is more reliable | 51 snapshots — robust data
20:23:27	20:30	7	STEAM	Horizonte vs Floresta EC	X (Draw)	3.00	80%	-6.0%	3.19				Steam move: odds dropped -6.0% | Sustained odds drop: 3.19 → 3.00 (-6.0%) | Other outcomes rising while this drops — market consensus | Only 7 min to kick-off — late data is more reliable | 51 snapshots — robust data
20:23:27	20:30	7	STEAM	Salcedo vs Delfines Del Este	X (Draw)	3.09	80%	-6.9%	3.32				Steam move: odds dropped -6.9% | Sustained odds drop: 3.32 → 3.09 (-6.9%) | Other outcomes rising while this drops — market consensus | Only 7 min to kick-off — late data is more reliable | 51 snapshots — robust data
20:23:27	20:30	7	STEAM	Darmstadt vs Kaiserslautern	2 (Kaiserslautern)	3.61	80%	-12.8%	4.14				Steam move: odds dropped -12.8% | Sustained odds drop: 4.14 → 3.61 (-12.8%) | Strong drop >8% | Only 7 min to kick-off — late data is more reliable | 51 snapshots — robust data
20:23:27	20:30	7	MIXED	Caldiero Terme vs Chievo	2 (Chievo)	2.06	30%	-4.2%	2.15				Other outcomes rising while this drops — market consensus | Only 7 min to kick-off — late data is more reliable | 51 snapshots — robust data
20:52:57	21:00	7	STEAM	Sousa vs Atl. Cajazeirense	1 (Sousa)	1.50	95%	-13.3%	1.73				Steam move: odds dropped -13.3% | Sustained odds drop: 1.73 → 1.50 (-13.3%) | Strong drop >8% | Other outcomes rising while this drops — market consensus | Only 7 min to kick-off — late data is more reliable | 58 snapshots — robust data
20:52:57	21:00	7	STEAM	Eldense vs Sabadell	1 (Eldense)	2.29	95%	-17.0%	2.76				Steam move: odds dropped -17.0% | Sustained odds drop: 2.76 → 2.29 (-17.0%) | Strong drop >8% | Other outcomes rising while this drops — market consensus | Only 7 min to kick-off — late data is more reliable | 58 snapshots — robust data
20:52:57	21:00	7	STEAM	Santa Cruz AC vs Galvez	X (Draw)	3.01	80%	-14.7%	3.53				Steam move: odds dropped -14.7% | Sustained odds drop: 3.53 → 3.01 (-14.7%) | Strong drop >8% | Only 7 min to kick-off — late data is more reliable | 58 snapshots — robust data
20:52:57	21:00	7	STEAM	San Jose Earthquakes (Usa) vs Charlotte (Usa)	X (Draw)	3.86	80%	-25.8%	5.20				Steam move: odds dropped -25.8% | Sustained odds drop: 5.20 → 3.86 (-25.8%) | Strong drop >8% | Only 7 min to kick-off — late data is more reliable | 58 snapshots — robust data
20:52:57	21:00	7	VALUE+SUSTAINED_DROP	San Jose Earthquakes (Usa) vs Charlotte (Usa)	1 (San Jose Earthquakes (Usa))	2.78	50%	-64.5%	7.84	+3.8%	2.68	0.5%	Sustained odds drop: 7.84 → 2.78 (-64.5%) | Strong drop >8% | Only 7 min to kick-off — late data is more reliable | 58 snapshots — robust data
20:52:57	21:00	7	MIXED	Aldosivi vs Rosario Central	2 (Rosario Central)	2.11	30%	-2.3%	2.16				Other outcomes rising while this drops — market consensus | Only 7 min to kick-off — late data is more reliable | 58 snapshots — robust data
20:52:57	21:00	7	MIXED	Sittard vs Sparta Rotterdam	2 (Sparta Rotterdam)	2.37	30%	-4.8%	2.49				Other outcomes rising while this drops — market consensus | Only 7 min to kick-off — late data is more reliable | 58 snapshots — robust data
21:07:04	21:15	8	STEAM	Grau vs Sport Huancayo	2 (Sport Huancayo)	3.73	65%	-6.8%	4.00				Steam move: odds dropped -6.8% | Sustained odds drop: 4.00 → 3.73 (-6.8%) | Only 8 min to kick-off — late data is more reliable | 62 snapshots — robust data
21:52:40	22:00	7	STEAM	North Esporte Clube vs Uberlandia	2 (Uberlandia)	3.71	80%	-28.0%	5.15				Steam move: odds dropped -28.0% | Sustained odds drop: 5.15 → 3.71 (-28.0%) | Strong drop >8% | Only 7 min to kick-off — late data is more reliable | 71 snapshots — robust data
21:52:40	22:00	7	STEAM	GAS vs Atl. Roraima	X (Draw)	9.39	80%	-15.9%	11.16				Steam move: odds dropped -15.9% | Sustained odds drop: 11.16 → 9.39 (-15.9%) | Strong drop >8% | Only 7 min to kick-off — late data is more reliable | 71 snapshots — robust data
21:52:40	22:00	7	STEAM	Escorpiones vs Pitbulls	1 (Escorpiones)	1.51	80%	-7.9%	1.64				Steam move: odds dropped -7.9% | Sustained odds drop: 1.64 → 1.51 (-7.9%) | Other outcomes rising while this drops — market consensus | Only 7 min to kick-off — late data is more reliable | 71 snapshots — robust data
21:52:40	22:00	7	STEAM	Ecuador U20 W vs Argentina U20 W	1 (Ecuador U20 W)	4.66	80%	-8.5%	5.09				Steam move: odds dropped -8.5% | Sustained odds drop: 5.09 → 4.66 (-8.5%) | Strong drop >8% | Only 7 min to kick-off — late data is more reliable | 71 snapshots — robust data
21:52:40	22:00	7	SUSTAINED_DROP	North Esporte Clube vs Uberlandia	X (Draw)	3.07	50%	-12.0%	3.49				Sustained odds drop: 3.49 → 3.07 (-12.0%) | Strong drop >8% | Only 7 min to kick-off — late data is more reliable | 71 snapshots — robust data
21:52:40	22:00	7	VALUE+LATE_SHARP	GAS vs Atl. Roraima	2 (Atl. Roraima)	42.29	50%	+91.4%	22.09	+15.0%	36.13	0.1%	Late sharp move detected on 2 | Only 7 min to kick-off — late data is more reliable | 71 snapshots — robust data
21:52:40	22:00	7	MIXED	Deportes Temuco vs D. Puerto Montt	X (Draw)	3.33	30%	-2.9%	3.43				Other outcomes rising while this drops — market consensus | Only 7 min to kick-off — late data is more reliable | 71 snapshots — robust data
22:02:17	22:10	8	LATE_SHARP	Deportes Tolima vs Llaneros	2 (Llaneros)	5.80	95%	-12.9%	6.66				Late sharp move detected on 2 | Steam move: odds dropped -12.9% | Sustained odds drop: 6.66 → 5.80 (-12.9%) | Strong drop >8% | Only 8 min to kick-off — late data is more reliable | 73 snapshots — robust data
22:02:17	22:10	8	SUSTAINED_DROP	Deportes Tolima vs Llaneros	X (Draw)	3.46	35%	-7.0%	3.72				Sustained odds drop: 3.72 → 3.46 (-7.0%) | Only 8 min to kick-off — late data is more reliable | 73 snapshots — robust data
22:23:00	22:30	7	STEAM	Porto-BA vs Galicia	1 (Porto-BA)	1.72	80%	-6.0%	1.83				Steam move: odds dropped -6.0% | Sustained odds drop: 1.83 → 1.72 (-6.0%) | Other outcomes rising while this drops — market consensus | Only 7 min to kick-off — late data is more reliable | 80 snapshots — robust data
22:23:00	22:30	7	STEAM	Atletico-MG vs Athletic Club	1 (Atletico-MG)	1.37	80%	-6.2%	1.46				Steam move: odds dropped -6.2% | Sustained odds drop: 1.46 → 1.37 (-6.2%) | Other outcomes rising while this drops — market consensus | Only 7 min to kick-off — late data is more reliable | 80 snapshots — robust data
22:23:00	22:30	7	STEAM	Londrina vs Sao Joseense	2 (Sao Joseense)	9.13	80%	-8.8%	10.01				Steam move: odds dropped -8.8% | Sustained odds drop: 10.01 → 9.13 (-8.8%) | Strong drop >8% | Only 7 min to kick-off — late data is more reliable | 80 snapshots — robust data
22:23:00	22:30	7	STEAM	Rubio Nu vs Sportivo Trinidense	2 (Sportivo Trinidense)	2.47	80%	-8.9%	2.71				Steam move: odds dropped -8.9% | Sustained odds drop: 2.71 → 2.47 (-8.9%) | Strong drop >8% | Only 7 min to kick-off — late data is more reliable | 80 snapshots — robust data
22:23:00	22:30	7	SUSTAINED_DROP	Londrina vs Sao Joseense	X (Draw)	4.54	50%	-9.0%	4.99				Sustained odds drop: 4.99 → 4.54 (-9.0%) | Strong drop >8% | Only 7 min to kick-off — late data is more reliable | 80 snapshots — robust data
22:23:00	22:30	7	MIXED	Guarani vs Botafogo SP	2 (Botafogo SP)	3.51	30%	-3.3%	3.63				Other outcomes rising while this drops — market consensus | Only 7 min to kick-off — late data is more reliable | 80 snapshots — robust data
22:23:00	22:30	7	MIXED	Marilia vs Uniao Barbarense	1 (Marilia)	1.53	30%	-2.5%	1.57				Other outcomes rising while this drops — market consensus | Only 7 min to kick-off — late data is more reliable | 80 snapshots — robust data
22:52:34	23:00	7	STEAM	Carmelita vs CS Uruguay	1 (Carmelita)	2.06	95%	-11.2%	2.32				Steam move: odds dropped -11.2% | Sustained odds drop: 2.32 → 2.06 (-11.2%) | Strong drop >8% | Other outcomes rising while this drops — market consensus | Only 7 min to kick-off — late data is more reliable | 88 snapshots — robust data
22:52:34	23:00	7	STEAM	Santa Catarina vs Barra FC	2 (Barra FC)	3.22	80%	-13.7%	3.73				Steam move: odds dropped -13.7% | Sustained odds drop: 3.73 → 3.22 (-13.7%) | Strong drop >8% | Only 7 min to kick-off — late data is more reliable | 88 snapshots — robust data
22:52:34	23:00	7	STEAM	Tombense vs URT	2 (URT)	3.66	80%	-11.6%	4.14				Steam move: odds dropped -11.6% | Sustained odds drop: 4.14 → 3.66 (-11.6%) | Strong drop >8% | Only 7 min to kick-off — late data is more reliable | 88 snapshots — robust data
22:52:34	23:00	7	STEAM	Tritones Vallarta vs Ensenada FC	1 (Tritones Vallarta)	1.41	80%	-5.4%	1.49				Steam move: odds dropped -5.4% | Sustained odds drop: 1.49 → 1.41 (-5.4%) | Other outcomes rising while this drops — market consensus | Only 7 min to kick-off — late data is more reliable | 88 snapshots — robust data
23:23:45	23:30	6	STEAM	Brusque vs Concordia	2 (Concordia)	5.83	80%	-25.4%	7.82				Steam move: odds dropped -25.4% | Sustained odds drop: 7.82 → 5.83 (-25.4%) | Strong drop >8% | Only 6 min to kick-off — late data is more reliable | 98 snapshots — robust data
23:23:45	23:30	6	STEAM	Imperatriz vs Tuntum	2 (Tuntum)	3.88	80%	-18.3%	4.75				Steam move: odds dropped -18.3% | Sustained odds drop: 4.75 → 3.88 (-18.3%) | Strong drop >8% | Only 6 min to kick-off — late data is more reliable | 98 snapshots — robust data
23:23:45	23:30	6	SUSTAINED_DROP	Imperatriz vs Tuntum	X (Draw)	2.87	50%	-12.2%	3.27				Sustained odds drop: 3.27 → 2.87 (-12.2%) | Strong drop >8% | Only 6 min to kick-off — late data is more reliable | 98 snapshots — robust data
23:23:45	23:30	6	SUSTAINED_DROP	Brusque vs Concordia	X (Draw)	3.82	35%	-6.1%	4.07				Sustained odds drop: 4.07 → 3.82 (-6.1%) | Only 6 min to kick-off — late data is more reliable | 98 snapshots — robust data
