kick_off	min_to_ko	type	match	bet	odds	confidence	change	opening	edge	fair_odds	kelly	reason
13:00	6	STEAM	GOSK Gabela vs Prijedor	2 (Prijedor)	2.12	80%	-16.9%	2.55				Steam move: odds dropped -16.9% | Sustained odds drop: 2.55 → 2.12 (-16.9%) | Strong drop >8% | Only 7 min to kick-off — late data is more reliable | 1258 snapshots — robust data
13:00	6	STEAM	Sanatatea Cluj vs Petrolul	1 (Sanatatea Cluj)	5.13	80%	-20.7%	6.47				Steam move: odds dropped -20.7% | Sustained odds drop: 6.47 → 5.13 (-20.7%) | Strong drop >8% | Only 7 min to kick-off — late data is more reliable | 1271 snapshots — robust data
13:00	6	STEAM	Chanthaburi vs Mahasarakham	2 (Mahasarakham)	2.51	80%	-14.9%	2.95				Steam move: odds dropped -14.9% | Sustained odds drop: 2.95 → 2.51 (-14.9%) | Strong drop >8% | Only 7 min to kick-off — late data is more reliable | 1246 snapshots — robust data
13:00	6	STEAM	Nakhon Si vs Khonkaen Utd.	X (Draw)	3.32	80%	-15.5%	3.93				Steam move: odds dropped -15.5% | Sustained odds drop: 3.93 → 3.32 (-15.5%) | Strong drop >8% | Only 7 min to kick-off — late data is more reliable | 1246 snapshots — robust data
13:00	6	STEAM	GOSK Gabela vs Prijedor	2 (Prijedor)	2.12	80%	-16.9%	2.55				Steam move: odds dropped -16.9% | Sustained odds drop: 2.55 → 2.12 (-16.9%) | Strong drop >8% | Only 7 min to kick-off — late data is more reliable | 1258 snapshots — robust data
13:00	6	STEAM	Sanatatea Cluj vs Petrolul	1 (Sanatatea Cluj)	5.13	80%	-20.7%	6.47				Steam move: odds dropped -20.7% | Sustained odds drop: 6.47 → 5.13 (-20.7%) | Strong drop >8% | Only 7 min to kick-off — late data is more reliable | 1271 snapshots — robust data
13:00	6	STEAM	Chanthaburi vs Mahasarakham	2 (Mahasarakham)	2.51	80%	-14.9%	2.95				Steam move: odds dropped -14.9% | Sustained odds drop: 2.95 → 2.51 (-14.9%) | Strong drop >8% | Only 7 min to kick-off — late data is more reliable | 1246 snapshots — robust data
13:00	6	STEAM	Nakhon Si vs Khonkaen Utd.	X (Draw)	3.32	80%	-15.5%	3.93				Steam move: odds dropped -15.5% | Sustained odds drop: 3.93 → 3.32 (-15.5%) | Strong drop >8% | Only 7 min to kick-off — late data is more reliable | 1246 snapshots — robust data
13:00	6	SUSTAINED_DROP	Nakhon Si vs Khonkaen Utd.	1 (Nakhon Si)	2.93	50%	-17.5%	3.55				Sustained odds drop: 3.55 → 2.93 (-17.5%) | Strong drop >8% | Only 7 min to kick-off — late data is more reliable | 1246 snapshots — robust data
13:00	6	SUSTAINED_DROP	Nakhon Si vs Khonkaen Utd.	1 (Nakhon Si)	2.93	50%	-17.5%	3.55				Sustained odds drop: 3.55 → 2.93 (-17.5%) | Strong drop >8% | Only 7 min to kick-off — late data is more reliable | 1246 snapshots — robust data
13:00	6	SUSTAINED_DROP	GOSK Gabela vs Prijedor	X (Draw)	3.01	35%	-6.5%	3.22				Sustained odds drop: 3.22 → 3.01 (-6.5%) | Only 7 min to kick-off — late data is more reliable | 1258 snapshots — robust data
13:00	6	SUSTAINED_DROP	GOSK Gabela vs Prijedor	X (Draw)	3.01	35%	-6.5%	3.22				Sustained odds drop: 3.22 → 3.01 (-6.5%) | Only 7 min to kick-off — late data is more reliable | 1258 snapshots — robust data
13:15	21	STEAM	Shanghai Shenhua (Chn) vs Machida (Jpn)	2 (Machida (Jpn))	1.88	95%	-23.3%	2.45				Steam move: odds dropped -23.3% | Sustained odds drop: 2.45 → 1.88 (-23.3%) | Strong drop >8% | Other outcomes rising while this drops — market consensus | Only 22 min to kick-off — late data is more reliable | 1317 snapshots — robust data
13:15	21	STEAM	Cong An Ha Noi vs Tampines	1 (Cong An Ha Noi)	1.30	95%	-8.5%	1.42				Steam move: odds dropped -8.5% | Sustained odds drop: 1.42 → 1.30 (-8.5%) | Strong drop >8% | Other outcomes rising while this drops — market consensus | Only 22 min to kick-off — late data is more reliable | 290 snapshots — robust data
13:15	21	STEAM	Shanghai Shenhua (Chn) vs Machida (Jpn)	2 (Machida (Jpn))	1.88	95%	-23.3%	2.45				Steam move: odds dropped -23.3% | Sustained odds drop: 2.45 → 1.88 (-23.3%) | Strong drop >8% | Other outcomes rising while this drops — market consensus | Only 22 min to kick-off — late data is more reliable | 1317 snapshots — robust data
13:30	36	STEAM	KF Tirana vs Dinamo Tirana	1 (KF Tirana)	2.73	85%	-11.7%	3.09				Steam move: odds dropped -11.7% | Sustained odds drop: 3.09 → 2.73 (-11.7%) | Strong drop >8% | Other outcomes rising while this drops — market consensus | 405 snapshots — robust data
13:30	36	STEAM	Bylis vs Vllaznia	X (Draw)	3.09	70%	-9.1%	3.40				Steam move: odds dropped -9.1% | Sustained odds drop: 3.40 → 3.09 (-9.1%) | Strong drop >8% | 1254 snapshots — robust data
13:30	36	STEAM	Bylis vs Vllaznia	X (Draw)	3.09	70%	-9.1%	3.40				Steam move: odds dropped -9.1% | Sustained odds drop: 3.40 → 3.09 (-9.1%) | Strong drop >8% | 1254 snapshots — robust data
13:40	46	STEAM	Al Anwar vs Jeddah	1 (Al Anwar)	1.94	55%	-5.8%	2.06				Steam move: odds dropped -5.8% | Sustained odds drop: 2.06 → 1.94 (-5.8%) | 1261 snapshots — robust data
13:40	46	STEAM	Al Anwar vs Jeddah	1 (Al Anwar)	1.94	55%	-5.8%	2.06				Steam move: odds dropped -5.8% | Sustained odds drop: 2.06 → 1.94 (-5.8%) | 1261 snapshots — robust data
14:00	66	VALUE+STEAM	Shkupi vs Tikves	2 (Tikves)	1.21	85%	-79.8%	6.00	+7.5%	1.13	5.0%	Steam move: odds dropped -79.8% | Sustained odds drop: 6.00 → 1.21 (-79.8%) | Strong drop >8% | Other outcomes rising while this drops — market consensus | 1260 snapshots — robust data
14:00	66	STEAM	Al-Hilal Omdurman vs APR	1 (Al-Hilal Omdurman)	1.77	85%	-9.2%	1.95				Steam move: odds dropped -9.2% | Sustained odds drop: 1.95 → 1.77 (-9.2%) | Strong drop >8% | Other outcomes rising while this drops — market consensus | 1242 snapshots — robust data
14:00	66	STEAM	Dynamo Moscow (Rus) vs Krasnodar (Rus)	2 (Krasnodar (Rus))	2.04	85%	-8.5%	2.23				Steam move: odds dropped -8.5% | Sustained odds drop: 2.23 → 2.04 (-8.5%) | Strong drop >8% | Other outcomes rising while this drops — market consensus | 1317 snapshots — robust data
14:00	66	STEAM	Botev Vratsa vs Arda	2 (Arda)	1.93	85%	-18.9%	2.38				Steam move: odds dropped -18.9% | Sustained odds drop: 2.38 → 1.93 (-18.9%) | Strong drop >8% | Other outcomes rising while this drops — market consensus | 321 snapshots — robust data
14:00	66	VALUE+STEAM	Shkupi vs Tikves	2 (Tikves)	1.21	85%	-79.8%	6.00	+7.5%	1.13	5.0%	Steam move: odds dropped -79.8% | Sustained odds drop: 6.00 → 1.21 (-79.8%) | Strong drop >8% | Other outcomes rising while this drops — market consensus | 1260 snapshots — robust data
14:00	66	STEAM	Al-Hilal Omdurman vs APR	1 (Al-Hilal Omdurman)	1.77	85%	-9.2%	1.95				Steam move: odds dropped -9.2% | Sustained odds drop: 1.95 → 1.77 (-9.2%) | Strong drop >8% | Other outcomes rising while this drops — market consensus | 1242 snapshots — robust data
14:00	66	STEAM	Dynamo Moscow (Rus) vs Krasnodar (Rus)	2 (Krasnodar (Rus))	2.04	85%	-8.5%	2.23				Steam move: odds dropped -8.5% | Sustained odds drop: 2.23 → 2.04 (-8.5%) | Strong drop >8% | Other outcomes rising while this drops — market consensus | 1317 snapshots — robust data
14:00	66	STEAM	Barnsley U21 vs Fleetwood U21	2 (Fleetwood U21)	2.45	70%	-10.3%	2.73				Steam move: odds dropped -10.3% | Sustained odds drop: 2.73 → 2.45 (-10.3%) | Strong drop >8% | 1257 snapshots — robust data
14:00	66	STEAM	Shkendija vs Struga	X (Draw)	3.14	70%	-10.3%	3.50				Steam move: odds dropped -10.3% | Sustained odds drop: 3.50 → 3.14 (-10.3%) | Strong drop >8% | 1260 snapshots — robust data
14:00	66	STEAM	Spartak Moscow (Rus) vs FC Astana (Kaz)	1 (Spartak Moscow (Rus))	1.22	70%	-10.3%	1.36				Steam move: odds dropped -10.3% | Sustained odds drop: 1.36 → 1.22 (-10.3%) | Strong drop >8% | 1256 snapshots — robust data
14:00	66	STEAM	Barnsley U21 vs Fleetwood U21	2 (Fleetwood U21)	2.45	70%	-10.3%	2.73				Steam move: odds dropped -10.3% | Sustained odds drop: 2.73 → 2.45 (-10.3%) | Strong drop >8% | 1257 snapshots — robust data
14:00	66	STEAM	Shkendija vs Struga	X (Draw)	3.14	70%	-10.3%	3.50				Steam move: odds dropped -10.3% | Sustained odds drop: 3.50 → 3.14 (-10.3%) | Strong drop >8% | 1260 snapshots — robust data
14:00	66	STEAM	Spartak Moscow (Rus) vs FC Astana (Kaz)	1 (Spartak Moscow (Rus))	1.22	70%	-10.3%	1.36				Steam move: odds dropped -10.3% | Sustained odds drop: 1.36 → 1.22 (-10.3%) | Strong drop >8% | 1256 snapshots — robust data
14:00	66	STEAM	Santa Clara U23 vs Famalicao U23	2 (Famalicao U23)	2.32	55%	-5.3%	2.45				Steam move: odds dropped -5.3% | Sustained odds drop: 2.45 → 2.32 (-5.3%) | 1278 snapshots — robust data
14:00	66	STEAM	Esbjerg (Den) vs Zimbru Chisinau (Mda)	2 (Zimbru Chisinau (Mda))	3.90	55%	-7.1%	4.20				Steam move: odds dropped -7.1% | Sustained odds drop: 4.20 → 3.90 (-7.1%) | 79 snapshots — robust data
14:00	66	STEAM	Santa Clara U23 vs Famalicao U23	2 (Famalicao U23)	2.32	55%	-5.3%	2.45				Steam move: odds dropped -5.3% | Sustained odds drop: 2.45 → 2.32 (-5.3%) | 1278 snapshots — robust data
14:00	66	STEAM	Esbjerg (Den) vs Zimbru Chisinau (Mda)	2 (Zimbru Chisinau (Mda))	3.90	55%	-7.1%	4.20				Steam move: odds dropped -7.1% | Sustained odds drop: 4.20 → 3.90 (-7.1%) | 79 snapshots — robust data
14:00	66	SUSTAINED_DROP	Shkendija vs Struga	1 (Shkendija)	2.05	40%	-8.9%	2.25				Sustained odds drop: 2.25 → 2.05 (-8.9%) | Strong drop >8% | 1260 snapshots — robust data
14:00	66	SUSTAINED_DROP	Shkendija vs Struga	1 (Shkendija)	2.05	40%	-8.9%	2.25				Sustained odds drop: 2.25 → 2.05 (-8.9%) | Strong drop >8% | 1260 snapshots — robust data
14:15	81	STEAM	Pamba vs Namungo	2 (Namungo)	3.60	70%	-16.7%	4.32				Steam move: odds dropped -16.7% | Sustained odds drop: 4.32 → 3.60 (-16.7%) | Strong drop >8% | 1241 snapshots — robust data
14:15	81	STEAM	Pamba vs Namungo	2 (Namungo)	3.60	70%	-16.7%	4.32				Steam move: odds dropped -16.7% | Sustained odds drop: 4.32 → 3.60 (-16.7%) | Strong drop >8% | 1241 snapshots — robust data
14:15	81	SUSTAINED_DROP	Pamba vs Namungo	X (Draw)	2.65	25%	-5.0%	2.79				Sustained odds drop: 2.79 → 2.65 (-5.0%) | 1241 snapshots — robust data
14:15	81	SUSTAINED_DROP	Pamba vs Namungo	X (Draw)	2.65	25%	-5.0%	2.79				Sustained odds drop: 2.79 → 2.65 (-5.0%) | 1241 snapshots — robust data
14:45	111	STEAM	Arkadag vs Al Nassr	X (Draw)	4.81	70%	-48.0%	9.25				Steam move: odds dropped -48.0% | Sustained odds drop: 9.25 → 4.81 (-48.0%) | Strong drop >8% | 284 snapshots — robust data
14:45	111	SUSTAINED_DROP	Arkadag vs Al Nassr	1 (Arkadag)	6.83	40%	-30.1%	9.77				Sustained odds drop: 9.77 → 6.83 (-30.1%) | Strong drop >8% | 284 snapshots — robust data
15:00	126	STEAM	Hamrun vs Hibernians	1 (Hamrun)	1.37	85%	-18.9%	1.69				Steam move: odds dropped -18.9% | Sustained odds drop: 1.69 → 1.37 (-18.9%) | Strong drop >8% | Other outcomes rising while this drops — market consensus | 1241 snapshots — robust data
15:00	126	STEAM	Hamrun vs Hibernians	1 (Hamrun)	1.37	85%	-18.9%	1.69				Steam move: odds dropped -18.9% | Sustained odds drop: 1.69 → 1.37 (-18.9%) | Strong drop >8% | Other outcomes rising while this drops — market consensus | 1241 snapshots — robust data
15:00	126	STEAM	Sheffield Utd U21 vs Peterborough U21	2 (Peterborough U21)	3.72	70%	-20.0%	4.65				Steam move: odds dropped -20.0% | Sustained odds drop: 4.65 → 3.72 (-20.0%) | Strong drop >8% | 1255 snapshots — robust data
15:00	126	STEAM	LNZ Cherkasy (Ukr) vs Shakhtar Donetsk (Ukr)	1 (LNZ Cherkasy (Ukr))	5.32	70%	-11.3%	6.00				Steam move: odds dropped -11.3% | Sustained odds drop: 6.00 → 5.32 (-11.3%) | Strong drop >8% | 582 snapshots — robust data
15:00	126	STEAM	Sheffield Utd U21 vs Peterborough U21	2 (Peterborough U21)	3.72	70%	-20.0%	4.65				Steam move: odds dropped -20.0% | Sustained odds drop: 4.65 → 3.72 (-20.0%) | Strong drop >8% | 1255 snapshots — robust data
15:00	126	STEAM	LNZ Cherkasy (Ukr) vs Shakhtar Donetsk (Ukr)	1 (LNZ Cherkasy (Ukr))	5.32	70%	-11.3%	6.00				Steam move: odds dropped -11.3% | Sustained odds drop: 6.00 → 5.32 (-11.3%) | Strong drop >8% | 582 snapshots — robust data
15:00	126	SUSTAINED_DROP	Sheffield Utd U21 vs Peterborough U21	X (Draw)	4.34	40%	-9.2%	4.78				Sustained odds drop: 4.78 → 4.34 (-9.2%) | Strong drop >8% | 1255 snapshots — robust data
15:00	126	SUSTAINED_DROP	Sheffield Utd U21 vs Peterborough U21	X (Draw)	4.34	40%	-9.2%	4.78				Sustained odds drop: 4.78 → 4.34 (-9.2%) | Strong drop >8% | 1255 snapshots — robust data
15:30	156	STEAM	Sloga Doboj vs Tekstilac	1 (Sloga Doboj)	1.08	85%	-39.0%	1.77				Steam move: odds dropped -39.0% | Sustained odds drop: 1.77 → 1.08 (-39.0%) | Strong drop >8% | Other outcomes rising while this drops — market consensus | 1258 snapshots — robust data
15:30	156	STEAM	Sloga Doboj vs Tekstilac	1 (Sloga Doboj)	1.08	85%	-39.0%	1.77				Steam move: odds dropped -39.0% | Sustained odds drop: 1.77 → 1.08 (-39.0%) | Strong drop >8% | Other outcomes rising while this drops — market consensus | 1258 snapshots — robust data
15:30	156	STEAM	Tadamone Hadramout (Yem) vs Al Rayyan (Qat)	X (Draw)	9.16	55%	-6.9%	9.84				Steam move: odds dropped -6.9% | Sustained odds drop: 9.84 → 9.16 (-6.9%) | 255 snapshots — robust data
15:30	156	SUSTAINED_DROP	Tadamone Hadramout (Yem) vs Al Rayyan (Qat)	1 (Tadamone Hadramout (Yem))	24.96	40%	-22.5%	32.20				Sustained odds drop: 32.20 → 24.96 (-22.5%) | Strong drop >8% | 255 snapshots — robust data
16:00	186	STEAM	Sitra (Bhr) vs Al Ain (Uae)	2 (Al Ain (Uae))	2.02	85%	-21.4%	2.57				Steam move: odds dropped -21.4% | Sustained odds drop: 2.57 → 2.02 (-21.4%) | Strong drop >8% | Other outcomes rising while this drops — market consensus | 1260 snapshots — robust data
16:00	186	STEAM	Sitra (Bhr) vs Al Ain (Uae)	2 (Al Ain (Uae))	2.02	85%	-21.4%	2.57				Steam move: odds dropped -21.4% | Sustained odds drop: 2.57 → 2.02 (-21.4%) | Strong drop >8% | Other outcomes rising while this drops — market consensus | 1260 snapshots — robust data
16:00	186	STEAM	Neftci Baku vs Gabala	2 (Gabala)	4.28	70%	-18.2%	5.23				Steam move: odds dropped -18.2% | Sustained odds drop: 5.23 → 4.28 (-18.2%) | Strong drop >8% | 1317 snapshots — robust data
16:00	186	STEAM	Enppi vs Pyramids	X (Draw)	3.19	70%	-14.7%	3.74				Steam move: odds dropped -14.7% | Sustained odds drop: 3.74 → 3.19 (-14.7%) | Strong drop >8% | 321 snapshots — robust data
16:00	186	STEAM	Levadiakos vs OFI Crete	X (Draw)	3.17	70%	-9.2%	3.49				Steam move: odds dropped -9.2% | Sustained odds drop: 3.49 → 3.17 (-9.2%) | Strong drop >8% | 321 snapshots — robust data
16:00	186	STEAM	Neftci Baku vs Gabala	2 (Gabala)	4.28	70%	-18.2%	5.23				Steam move: odds dropped -18.2% | Sustained odds drop: 5.23 → 4.28 (-18.2%) | Strong drop >8% | 1317 snapshots — robust data
16:00	186	STEAM	Petro Atletico vs Academica	1 (Petro Atletico)	1.27	55%	-5.2%	1.34				Steam move: odds dropped -5.2% | Sustained odds drop: 1.34 → 1.27 (-5.2%) | 1261 snapshots — robust data
16:00	186	STEAM	Rio Ave U23 vs Estrela U23	X (Draw)	3.15	55%	-7.3%	3.40				Steam move: odds dropped -7.3% | Sustained odds drop: 3.40 → 3.15 (-7.3%) | 39 snapshots — robust data
16:00	186	STEAM	Petro Atletico vs Academica	1 (Petro Atletico)	1.27	55%	-5.2%	1.34				Steam move: odds dropped -5.2% | Sustained odds drop: 1.34 → 1.27 (-5.2%) | 1261 snapshots — robust data
16:00	186	SUSTAINED_DROP	Enppi vs Pyramids	1 (Enppi)	4.79	40%	-40.4%	8.03				Sustained odds drop: 8.03 → 4.79 (-40.4%) | Strong drop >8% | 321 snapshots — robust data
16:00	186	SUSTAINED_DROP	Neftci Baku vs Gabala	X (Draw)	3.29	25%	-5.2%	3.47				Sustained odds drop: 3.47 → 3.29 (-5.2%) | 1317 snapshots — robust data
16:00	186	SUSTAINED_DROP	Neftci Baku vs Gabala	X (Draw)	3.29	25%	-5.2%	3.47				Sustained odds drop: 3.47 → 3.29 (-5.2%) | 1317 snapshots — robust data
16:30	216	STEAM	Teuta vs Egnatia	X (Draw)	2.86	70%	-13.3%	3.30				Steam move: odds dropped -13.3% | Sustained odds drop: 3.30 → 2.86 (-13.3%) | Strong drop >8% | 1255 snapshots — robust data
16:30	216	STEAM	AF Elbasani vs Partizani	2 (Partizani)	3.87	70%	-11.8%	4.39				Steam move: odds dropped -11.8% | Sustained odds drop: 4.39 → 3.87 (-11.8%) | Strong drop >8% | 229 snapshots — robust data
16:30	216	STEAM	Teuta vs Egnatia	X (Draw)	2.86	70%	-13.3%	3.30				Steam move: odds dropped -13.3% | Sustained odds drop: 3.30 → 2.86 (-13.3%) | Strong drop >8% | 1255 snapshots — robust data
17:00	246	STEAM	Tractor (Irn) vs Al-Sadd (Qat)	2 (Al-Sadd (Qat))	1.70	85%	-40.4%	2.85				Steam move: odds dropped -40.4% | Sustained odds drop: 2.85 → 1.70 (-40.4%) | Strong drop >8% | Other outcomes rising while this drops — market consensus | 1317 snapshots — robust data
17:00	246	STEAM	Tractor (Irn) vs Al-Sadd (Qat)	2 (Al-Sadd (Qat))	1.70	85%	-40.4%	2.85				Steam move: odds dropped -40.4% | Sustained odds drop: 2.85 → 1.70 (-40.4%) | Strong drop >8% | Other outcomes rising while this drops — market consensus | 1317 snapshots — robust data
17:00	246	STEAM	CSKA Sofia vs CSKA 1948 Sofia	1 (CSKA Sofia)	1.81	70%	-5.7%	1.92				Steam move: odds dropped -5.7% | Sustained odds drop: 1.92 → 1.81 (-5.7%) | Other outcomes rising while this drops — market consensus | 1317 snapshots — robust data
17:00	246	STEAM	Leixoes U23 vs Sporting CP U23	X (Draw)	3.31	70%	-5.4%	3.50				Steam move: odds dropped -5.4% | Sustained odds drop: 3.50 → 3.31 (-5.4%) | Other outcomes rising while this drops — market consensus | 1278 snapshots — robust data
17:00	246	STEAM	Sepahan vs Al Ahli Doha	2 (Al Ahli Doha)	2.72	70%	-36.9%	4.31				Steam move: odds dropped -36.9% | Sustained odds drop: 4.31 → 2.72 (-36.9%) | Strong drop >8% | 284 snapshots — robust data
17:00	246	STEAM	Ludogorets vs Levski Sofia	1 (Ludogorets)	2.18	70%	-6.0%	2.32				Steam move: odds dropped -6.0% | Sustained odds drop: 2.32 → 2.18 (-6.0%) | Other outcomes rising while this drops — market consensus | 321 snapshots — robust data
17:00	246	STEAM	CSKA Sofia vs CSKA 1948 Sofia	1 (CSKA Sofia)	1.81	70%	-5.7%	1.92				Steam move: odds dropped -5.7% | Sustained odds drop: 1.92 → 1.81 (-5.7%) | Other outcomes rising while this drops — market consensus | 1317 snapshots — robust data
17:00	246	STEAM	Leixoes U23 vs Sporting CP U23	X (Draw)	3.31	70%	-5.4%	3.50				Steam move: odds dropped -5.4% | Sustained odds drop: 3.50 → 3.31 (-5.4%) | Other outcomes rising while this drops — market consensus | 1278 snapshots — robust data
17:00	246	STEAM	Al-Shabbab vs Al Khalidiyah	X (Draw)	4.73	55%	-7.4%	5.11				Steam move: odds dropped -7.4% | Sustained odds drop: 5.11 → 4.73 (-7.4%) | 250 snapshots — robust data
17:00	246	STEAM	Zalaegerszegi vs Vasas	2 (Vasas)	2.59	55%	-5.8%	2.75				Steam move: odds dropped -5.8% | Sustained odds drop: 2.75 → 2.59 (-5.8%) | 173 snapshots — robust data
17:00	246	SUSTAINED_DROP	Sepahan vs Al Ahli Doha	X (Draw)	3.15	40%	-8.2%	3.43				Sustained odds drop: 3.43 → 3.15 (-8.2%) | Strong drop >8% | 284 snapshots — robust data
17:00	246	SUSTAINED_DROP	Zalaegerszegi vs Vasas	X (Draw)	3.65	25%	-5.9%	3.88				Sustained odds drop: 3.88 → 3.65 (-5.9%) | 173 snapshots — robust data
17:30	276	STEAM	Ferencvaros vs Csakvari	X (Draw)	6.34	70%	-10.7%	7.10				Steam move: odds dropped -10.7% | Sustained odds drop: 7.10 → 6.34 (-10.7%) | Strong drop >8% | 159 snapshots — robust data
18:00	306	STEAM	Zrinjski vs Stupcanica	1 (Zrinjski)	1.15	85%	-19.6%	1.43				Steam move: odds dropped -19.6% | Sustained odds drop: 1.43 → 1.15 (-19.6%) | Strong drop >8% | Other outcomes rising while this drops — market consensus | 1258 snapshots — robust data
18:00	306	STEAM	Altamura vs Latina	X (Draw)	2.74	85%	-9.3%	3.02				Steam move: odds dropped -9.3% | Sustained odds drop: 3.02 → 2.74 (-9.3%) | Strong drop >8% | Other outcomes rising while this drops — market consensus | 1317 snapshots — robust data
18:00	306	STEAM	Zrinjski vs Stupcanica	1 (Zrinjski)	1.15	85%	-19.6%	1.43				Steam move: odds dropped -19.6% | Sustained odds drop: 1.43 → 1.15 (-19.6%) | Strong drop >8% | Other outcomes rising while this drops — market consensus | 1258 snapshots — robust data
18:00	306	STEAM	Altamura vs Latina	X (Draw)	2.74	85%	-9.3%	3.02				Steam move: odds dropped -9.3% | Sustained odds drop: 3.02 → 2.74 (-9.3%) | Strong drop >8% | Other outcomes rising while this drops — market consensus | 1317 snapshots — robust data
18:00	306	STEAM	Trapani vs Benevento	X (Draw)	3.35	70%	-12.1%	3.81				Steam move: odds dropped -12.1% | Sustained odds drop: 3.81 → 3.35 (-12.1%) | Strong drop >8% | 1317 snapshots — robust data
18:00	306	STEAM	Sorrento vs Giugliano	X (Draw)	3.01	70%	-7.7%	3.26				Steam move: odds dropped -7.7% | Sustained odds drop: 3.26 → 3.01 (-7.7%) | Other outcomes rising while this drops — market consensus | 1317 snapshots — robust data
18:00	306	STEAM	Polokwane vs AmaZulu	2 (AmaZulu)	2.88	70%	-12.7%	3.30				Steam move: odds dropped -12.7% | Sustained odds drop: 3.30 → 2.88 (-12.7%) | Strong drop >8% | 1254 snapshots — robust data
18:00	306	STEAM	Weindorf St. Anna (Aut) vs UFC Fehring (Aut)	2 (UFC Fehring (Aut))	5.07	70%	-49.3%	10.00				Steam move: odds dropped -49.3% | Sustained odds drop: 10.00 → 5.07 (-49.3%) | Strong drop >8% | 1257 snapshots — robust data
18:00	306	STEAM	Trapani vs Benevento	X (Draw)	3.35	70%	-12.1%	3.81				Steam move: odds dropped -12.1% | Sustained odds drop: 3.81 → 3.35 (-12.1%) | Strong drop >8% | 1317 snapshots — robust data
18:00	306	STEAM	Sorrento vs Giugliano	X (Draw)	3.01	70%	-7.7%	3.26				Steam move: odds dropped -7.7% | Sustained odds drop: 3.26 → 3.01 (-7.7%) | Other outcomes rising while this drops — market consensus | 1317 snapshots — robust data
18:00	306	STEAM	Polokwane vs AmaZulu	2 (AmaZulu)	2.88	70%	-12.7%	3.30				Steam move: odds dropped -12.7% | Sustained odds drop: 3.30 → 2.88 (-12.7%) | Strong drop >8% | 1254 snapshots — robust data
18:00	306	STEAM	Weindorf St. Anna (Aut) vs UFC Fehring (Aut)	2 (UFC Fehring (Aut))	5.07	70%	-49.3%	10.00				Steam move: odds dropped -49.3% | Sustained odds drop: 10.00 → 5.07 (-49.3%) | Strong drop >8% | 1257 snapshots — robust data
18:00	306	STEAM	Cavese vs Monopoli	X (Draw)	2.88	55%	-5.9%	3.06				Steam move: odds dropped -5.9% | Sustained odds drop: 3.06 → 2.88 (-5.9%) | 1317 snapshots — robust data
18:00	306	STEAM	Cavese vs Monopoli	X (Draw)	2.88	55%	-5.9%	3.06				Steam move: odds dropped -5.9% | Sustained odds drop: 3.06 → 2.88 (-5.9%) | 1317 snapshots — robust data
18:00	306	SUSTAINED_DROP	Trapani vs Benevento	1 (Trapani)	3.86	40%	-39.1%	6.34				Sustained odds drop: 6.34 → 3.86 (-39.1%) | Strong drop >8% | 1317 snapshots — robust data
18:00	306	SUSTAINED_DROP	Trapani vs Benevento	1 (Trapani)	3.86	40%	-39.1%	6.34				Sustained odds drop: 6.34 → 3.86 (-39.1%) | Strong drop >8% | 1317 snapshots — robust data
18:00	306	SUSTAINED_DROP	Weindorf St. Anna (Aut) vs UFC Fehring (Aut)	X (Draw)	6.01	25%	-7.5%	6.50				Sustained odds drop: 6.50 → 6.01 (-7.5%) | 1257 snapshots — robust data
18:00	306	SUSTAINED_DROP	Weindorf St. Anna (Aut) vs UFC Fehring (Aut)	X (Draw)	6.01	25%	-7.5%	6.50				Sustained odds drop: 6.50 → 6.01 (-7.5%) | 1257 snapshots — robust data
18:30	336	LATE_SHARP	Eintracht Frankfurt W vs Nordsjaelland W	2 (Nordsjaelland W)	12.00	95%	-14.3%	14.00				Late sharp move detected on 2 | Steam move: odds dropped -14.3% | Sustained odds drop: 14.00 → 12.00 (-14.3%) | Strong drop >8% | 28 snapshots — robust data
18:30	336	STEAM	Holbaek (Den) vs Tarnby FF (Den)	1 (Holbaek (Den))	1.40	85%	-9.1%	1.54				Steam move: odds dropped -9.1% | Sustained odds drop: 1.54 → 1.40 (-9.1%) | Strong drop >8% | Other outcomes rising while this drops — market consensus | 1237 snapshots — robust data
18:30	336	STEAM	Holbaek (Den) vs Tarnby FF (Den)	1 (Holbaek (Den))	1.40	85%	-9.1%	1.54				Steam move: odds dropped -9.1% | Sustained odds drop: 1.54 → 1.40 (-9.1%) | Strong drop >8% | Other outcomes rising while this drops — market consensus | 1237 snapshots — robust data
18:30	336	STEAM	Hacken W vs Breidablik W	1 (Hacken W)	1.09	70%	-5.2%	1.15				Steam move: odds dropped -5.2% | Sustained odds drop: 1.15 → 1.09 (-5.2%) | Other outcomes rising while this drops — market consensus | 6 snapshots — robust data
18:45	351	STEAM	G.A. Eagles vs Heerenveen	1 (G.A. Eagles)	2.57	85%	-10.8%	2.88				Steam move: odds dropped -10.8% | Sustained odds drop: 2.88 → 2.57 (-10.8%) | Strong drop >8% | Other outcomes rising while this drops — market consensus | 321 snapshots — robust data
19:00	366	STEAM	CFR Cluj vs FC Rapid Bucuresti	2 (FC Rapid Bucuresti)	3.04	85%	-10.1%	3.38				Steam move: odds dropped -10.1% | Sustained odds drop: 3.38 → 3.04 (-10.1%) | Strong drop >8% | Other outcomes rising while this drops — market consensus | 1317 snapshots — robust data
19:00	366	STEAM	CFR Cluj vs FC Rapid Bucuresti	2 (FC Rapid Bucuresti)	3.04	85%	-10.1%	3.38				Steam move: odds dropped -10.1% | Sustained odds drop: 3.38 → 3.04 (-10.1%) | Strong drop >8% | Other outcomes rising while this drops — market consensus | 1317 snapshots — robust data
19:00	366	STEAM	Sampdoria vs Palermo	2 (Palermo)	2.25	70%	-11.1%	2.53				Steam move: odds dropped -11.1% | Sustained odds drop: 2.53 → 2.25 (-11.1%) | Strong drop >8% | 1317 snapshots — robust data
19:00	366	STEAM	CSC Dumbravita vs FC Arges	2 (FC Arges)	1.23	70%	-8.2%	1.34				Steam move: odds dropped -8.2% | Sustained odds drop: 1.34 → 1.23 (-8.2%) | Strong drop >8% | 1271 snapshots — robust data
19:00	366	STEAM	Zamalek vs Smouha	1 (Zamalek)	2.15	70%	-7.3%	2.32				Steam move: odds dropped -7.3% | Sustained odds drop: 2.32 → 2.15 (-7.3%) | Other outcomes rising while this drops — market consensus | 321 snapshots — robust data
19:00	366	STEAM	Al Masry vs Wadi Degla	2 (Wadi Degla)	3.56	70%	-13.8%	4.13				Steam move: odds dropped -13.8% | Sustained odds drop: 4.13 → 3.56 (-13.8%) | Strong drop >8% | 321 snapshots — robust data
19:00	366	STEAM	Sporting Liesti vs Csikszereda M. Ciuc	1 (Sporting Liesti)	7.61	70%	-13.0%	8.75				Steam move: odds dropped -13.0% | Sustained odds drop: 8.75 → 7.61 (-13.0%) | Strong drop >8% | 318 snapshots — robust data
19:00	366	STEAM	Sampdoria vs Palermo	2 (Palermo)	2.25	70%	-11.1%	2.53				Steam move: odds dropped -11.1% | Sustained odds drop: 2.53 → 2.25 (-11.1%) | Strong drop >8% | 1317 snapshots — robust data
19:00	366	STEAM	CSC Dumbravita vs FC Arges	2 (FC Arges)	1.23	70%	-8.2%	1.34				Steam move: odds dropped -8.2% | Sustained odds drop: 1.34 → 1.23 (-8.2%) | Strong drop >8% | 1271 snapshots — robust data
19:00	366	SUSTAINED_DROP	CSC Dumbravita vs FC Arges	X (Draw)	5.37	25%	-7.9%	5.83				Sustained odds drop: 5.83 → 5.37 (-7.9%) | 1271 snapshots — robust data
19:00	366	SUSTAINED_DROP	CSC Dumbravita vs FC Arges	X (Draw)	5.37	25%	-7.9%	5.83				Sustained odds drop: 5.83 → 5.37 (-7.9%) | 1271 snapshots — robust data
19:15	381	STEAM	Al Ittihad (Sau) vs Al-Gharafa (Qat)	2 (Al-Gharafa (Qat))	8.36	70%	-31.8%	12.25				Steam move: odds dropped -31.8% | Sustained odds drop: 12.25 → 8.36 (-31.8%) | Strong drop >8% | 1317 snapshots — robust data
19:15	381	STEAM	Al Ittihad (Sau) vs Al-Gharafa (Qat)	2 (Al-Gharafa (Qat))	8.36	70%	-31.8%	12.25				Steam move: odds dropped -31.8% | Sustained odds drop: 12.25 → 8.36 (-31.8%) | Strong drop >8% | 1317 snapshots — robust data
19:15	381	SUSTAINED_DROP	Al Ittihad (Sau) vs Al-Gharafa (Qat)	X (Draw)	5.62	40%	-20.4%	7.06				Sustained odds drop: 7.06 → 5.62 (-20.4%) | Strong drop >8% | 1317 snapshots — robust data
19:15	381	SUSTAINED_DROP	Al Ittihad (Sau) vs Al-Gharafa (Qat)	X (Draw)	5.62	40%	-20.4%	7.06				Sustained odds drop: 7.06 → 5.62 (-20.4%) | Strong drop >8% | 1317 snapshots — robust data
20:00	426	STEAM	Wolves U21 vs Monaco II	2 (Monaco II)	1.65	85%	-23.6%	2.16				Steam move: odds dropped -23.6% | Sustained odds drop: 2.16 → 1.65 (-23.6%) | Strong drop >8% | Other outcomes rising while this drops — market consensus | 1317 snapshots — robust data
20:00	426	STEAM	Wolves U21 vs Monaco II	2 (Monaco II)	1.65	85%	-23.6%	2.16				Steam move: odds dropped -23.6% | Sustained odds drop: 2.16 → 1.65 (-23.6%) | Strong drop >8% | Other outcomes rising while this drops — market consensus | 1317 snapshots — robust data
20:00	426	STEAM	Venezia vs Modena	1 (Venezia)	1.77	70%	-6.3%	1.89				Steam move: odds dropped -6.3% | Sustained odds drop: 1.89 → 1.77 (-6.3%) | Other outcomes rising while this drops — market consensus | 1317 snapshots — robust data
20:00	426	STEAM	Paks vs DVTK	X (Draw)	3.95	70%	-12.2%	4.50				Steam move: odds dropped -12.2% | Sustained odds drop: 4.50 → 3.95 (-12.2%) | Strong drop >8% | 443 snapshots — robust data
20:00	426	STEAM	Bari vs Spezia	2 (Spezia)	2.47	70%	-6.4%	2.64				Steam move: odds dropped -6.4% | Sustained odds drop: 2.64 → 2.47 (-6.4%) | Other outcomes rising while this drops — market consensus | 321 snapshots — robust data
20:00	426	STEAM	Venezia vs Modena	1 (Venezia)	1.77	70%	-6.3%	1.89				Steam move: odds dropped -6.3% | Sustained odds drop: 1.89 → 1.77 (-6.3%) | Other outcomes rising while this drops — market consensus | 1317 snapshots — robust data
20:00	426	STEAM	Port Vale vs Stockport County	2 (Stockport County)	2.38	55%	-5.6%	2.52				Steam move: odds dropped -5.6% | Sustained odds drop: 2.52 → 2.38 (-5.6%) | 1313 snapshots — robust data
20:00	426	STEAM	Avellino vs Frosinone	2 (Frosinone)	2.26	55%	-5.4%	2.39				Steam move: odds dropped -5.4% | Sustained odds drop: 2.39 → 2.26 (-5.4%) | 321 snapshots — robust data
20:00	426	STEAM	Port Vale vs Stockport County	2 (Stockport County)	2.38	55%	-5.6%	2.52				Steam move: odds dropped -5.6% | Sustained odds drop: 2.52 → 2.38 (-5.6%) | 1313 snapshots — robust data
20:00	426	SUSTAINED_DROP	Avellino vs Frosinone	X (Draw)	3.13	25%	-7.9%	3.40				Sustained odds drop: 3.40 → 3.13 (-7.9%) | 321 snapshots — robust data
20:30	456	STEAM	Tottenham vs Newcastle	2 (Newcastle)	2.12	85%	-12.0%	2.41				Steam move: odds dropped -12.0% | Sustained odds drop: 2.41 → 2.12 (-12.0%) | Strong drop >8% | Other outcomes rising while this drops — market consensus | 1316 snapshots — robust data
20:30	456	STEAM	Caravaca vs Santa Cruz	X (Draw)	2.85	85%	-8.4%	3.11				Steam move: odds dropped -8.4% | Sustained odds drop: 3.11 → 2.85 (-8.4%) | Strong drop >8% | Other outcomes rising while this drops — market consensus | 1676 snapshots — robust data
20:30	456	STEAM	Luzern vs Grasshoppers	1 (Luzern)	1.80	85%	-10.9%	2.02				Steam move: odds dropped -10.9% | Sustained odds drop: 2.02 → 1.80 (-10.9%) | Strong drop >8% | Other outcomes rising while this drops — market consensus | 1316 snapshots — robust data
20:30	456	STEAM	Tottenham vs Newcastle	2 (Newcastle)	2.12	85%	-12.0%	2.41				Steam move: odds dropped -12.0% | Sustained odds drop: 2.41 → 2.12 (-12.0%) | Strong drop >8% | Other outcomes rising while this drops — market consensus | 1316 snapshots — robust data
20:30	456	STEAM	Caravaca vs Santa Cruz	X (Draw)	2.85	85%	-8.4%	3.11				Steam move: odds dropped -8.4% | Sustained odds drop: 3.11 → 2.85 (-8.4%) | Strong drop >8% | Other outcomes rising while this drops — market consensus | 1676 snapshots — robust data
20:30	456	STEAM	Luzern vs Grasshoppers	1 (Luzern)	1.80	85%	-10.9%	2.02				Steam move: odds dropped -10.9% | Sustained odds drop: 2.02 → 1.80 (-10.9%) | Strong drop >8% | Other outcomes rising while this drops — market consensus | 1316 snapshots — robust data
20:30	456	STEAM	Foggia vs Picerno	1 (Foggia)	2.14	70%	-14.1%	2.49				Steam move: odds dropped -14.1% | Sustained odds drop: 2.49 → 2.14 (-14.1%) | Strong drop >8% | 1316 snapshots — robust data
20:30	456	STEAM	Salernitana vs Casarano	2 (Casarano)	5.95	70%	-9.3%	6.56				Steam move: odds dropped -9.3% | Sustained odds drop: 6.56 → 5.95 (-9.3%) | Strong drop >8% | 1316 snapshots — robust data
20:30	456	STEAM	Casertana vs Crotone	2 (Crotone)	2.88	70%	-11.9%	3.27				Steam move: odds dropped -11.9% | Sustained odds drop: 3.27 → 2.88 (-11.9%) | Strong drop >8% | 1316 snapshots — robust data
20:30	456	STEAM	Cosenza vs Siracusa	2 (Siracusa)	4.39	70%	-16.9%	5.28				Steam move: odds dropped -16.9% | Sustained odds drop: 5.28 → 4.39 (-16.9%) | Strong drop >8% | 1316 snapshots — robust data
20:30	456	STEAM	Royale Union SG vs Charleroi	2 (Charleroi)	5.35	70%	-32.6%	7.94				Steam move: odds dropped -32.6% | Sustained odds drop: 7.94 → 5.35 (-32.6%) | Strong drop >8% | 321 snapshots — robust data
20:30	456	STEAM	Velez Mostar vs Siroki Brijeg	2 (Siroki Brijeg)	4.33	70%	-6.3%	4.62				Steam move: odds dropped -6.3% | Sustained odds drop: 4.62 → 4.33 (-6.3%) | Other outcomes rising while this drops — market consensus | 213 snapshots — robust data
20:30	456	STEAM	Pro Patria vs Cittadella	2 (Cittadella)	1.84	70%	-6.6%	1.97				Steam move: odds dropped -6.6% | Sustained odds drop: 1.97 → 1.84 (-6.6%) | Other outcomes rising while this drops — market consensus | 318 snapshots — robust data
20:30	456	STEAM	Brescia vs Virtus Verona	2 (Virtus Verona)	7.03	70%	-8.7%	7.70				Steam move: odds dropped -8.7% | Sustained odds drop: 7.70 → 7.03 (-8.7%) | Strong drop >8% | 318 snapshots — robust data
20:30	456	STEAM	St. Gallen vs Young Boys	1 (St. Gallen)	2.33	70%	-9.0%	2.56				Steam move: odds dropped -9.0% | Sustained odds drop: 2.56 → 2.33 (-9.0%) | Strong drop >8% | 321 snapshots — robust data
20:30	456	STEAM	Lugano vs Servette	X (Draw)	3.17	70%	-11.9%	3.60				Steam move: odds dropped -11.9% | Sustained odds drop: 3.60 → 3.17 (-11.9%) | Strong drop >8% | 321 snapshots — robust data
20:30	456	STEAM	Foggia vs Picerno	1 (Foggia)	2.14	70%	-14.1%	2.49				Steam move: odds dropped -14.1% | Sustained odds drop: 2.49 → 2.14 (-14.1%) | Strong drop >8% | 1316 snapshots — robust data
20:30	456	STEAM	Salernitana vs Casarano	2 (Casarano)	5.95	70%	-9.3%	6.56				Steam move: odds dropped -9.3% | Sustained odds drop: 6.56 → 5.95 (-9.3%) | Strong drop >8% | 1316 snapshots — robust data
20:30	456	STEAM	Casertana vs Crotone	2 (Crotone)	2.88	70%	-11.9%	3.27				Steam move: odds dropped -11.9% | Sustained odds drop: 3.27 → 2.88 (-11.9%) | Strong drop >8% | 1316 snapshots — robust data
20:30	456	STEAM	Cosenza vs Siracusa	2 (Siracusa)	4.39	70%	-16.9%	5.28				Steam move: odds dropped -16.9% | Sustained odds drop: 5.28 → 4.39 (-16.9%) | Strong drop >8% | 1316 snapshots — robust data
20:30	456	SUSTAINED_DROP	Salernitana vs Casarano	X (Draw)	3.86	40%	-11.1%	4.34				Sustained odds drop: 4.34 → 3.86 (-11.1%) | Strong drop >8% | 1316 snapshots — robust data
20:30	456	SUSTAINED_DROP	Casertana vs Crotone	X (Draw)	2.74	40%	-12.2%	3.12				Sustained odds drop: 3.12 → 2.74 (-12.2%) | Strong drop >8% | 1316 snapshots — robust data
20:30	456	SUSTAINED_DROP	Cosenza vs Siracusa	X (Draw)	3.36	40%	-13.2%	3.87				Sustained odds drop: 3.87 → 3.36 (-13.2%) | Strong drop >8% | 1316 snapshots — robust data
20:30	456	SUSTAINED_DROP	Royale Union SG vs Charleroi	X (Draw)	3.86	40%	-10.4%	4.31				Sustained odds drop: 4.31 → 3.86 (-10.4%) | Strong drop >8% | 321 snapshots — robust data
20:30	456	SUSTAINED_DROP	Salernitana vs Casarano	X (Draw)	3.86	40%	-11.1%	4.34				Sustained odds drop: 4.34 → 3.86 (-11.1%) | Strong drop >8% | 1316 snapshots — robust data
20:30	456	SUSTAINED_DROP	Casertana vs Crotone	X (Draw)	2.74	40%	-12.2%	3.12				Sustained odds drop: 3.12 → 2.74 (-12.2%) | Strong drop >8% | 1316 snapshots — robust data
20:30	456	SUSTAINED_DROP	Cosenza vs Siracusa	X (Draw)	3.36	40%	-13.2%	3.87				Sustained odds drop: 3.87 → 3.36 (-13.2%) | Strong drop >8% | 1316 snapshots — robust data
20:45	471	STEAM	Canvey vs Chatham	2 (Chatham)	1.45	85%	-9.9%	1.61				Steam move: odds dropped -9.9% | Sustained odds drop: 1.61 → 1.45 (-9.9%) | Strong drop >8% | Other outcomes rising while this drops — market consensus | 1315 snapshots — robust data
20:45	471	STEAM	Whitehawk vs Cheshunt	1 (Whitehawk)	2.01	85%	-11.8%	2.28				Steam move: odds dropped -11.8% | Sustained odds drop: 2.28 → 2.01 (-11.8%) | Strong drop >8% | Other outcomes rising while this drops — market consensus | 1315 snapshots — robust data
20:45	471	STEAM	Chertsey vs Dorchester	1 (Chertsey)	1.91	85%	-8.6%	2.09				Steam move: odds dropped -8.6% | Sustained odds drop: 2.09 → 1.91 (-8.6%) | Strong drop >8% | Other outcomes rising while this drops — market consensus | 1170 snapshots — robust data
20:45	471	STEAM	Annan vs Dumbarton	2 (Dumbarton)	3.40	85%	-8.8%	3.73				Steam move: odds dropped -8.8% | Sustained odds drop: 3.73 → 3.40 (-8.8%) | Strong drop >8% | Other outcomes rising while this drops — market consensus | 1138 snapshots — robust data
20:45	471	STEAM	Canvey vs Chatham	2 (Chatham)	1.45	85%	-9.9%	1.61				Steam move: odds dropped -9.9% | Sustained odds drop: 1.61 → 1.45 (-9.9%) | Strong drop >8% | Other outcomes rising while this drops — market consensus | 1315 snapshots — robust data
20:45	471	STEAM	Whitehawk vs Cheshunt	1 (Whitehawk)	2.01	85%	-11.8%	2.28				Steam move: odds dropped -11.8% | Sustained odds drop: 2.28 → 2.01 (-11.8%) | Strong drop >8% | Other outcomes rising while this drops — market consensus | 1315 snapshots — robust data
20:45	471	STEAM	Chertsey vs Dorchester	1 (Chertsey)	1.91	85%	-8.6%	2.09				Steam move: odds dropped -8.6% | Sustained odds drop: 2.09 → 1.91 (-8.6%) | Strong drop >8% | Other outcomes rising while this drops — market consensus | 1170 snapshots — robust data
20:45	471	STEAM	Annan vs Dumbarton	2 (Dumbarton)	3.40	85%	-8.8%	3.73				Steam move: odds dropped -8.8% | Sustained odds drop: 3.73 → 3.40 (-8.8%) | Strong drop >8% | Other outcomes rising while this drops — market consensus | 1138 snapshots — robust data
20:45	471	STEAM	Wingate & Finchley vs Burgess Hill	1 (Wingate & Finchley)	2.09	70%	-9.1%	2.30				Steam move: odds dropped -9.1% | Sustained odds drop: 2.30 → 2.09 (-9.1%) | Strong drop >8% | 1315 snapshots — robust data
20:45	471	STEAM	Truro vs Woking	1 (Truro)	2.69	70%	-6.9%	2.89				Steam move: odds dropped -6.9% | Sustained odds drop: 2.89 → 2.69 (-6.9%) | Other outcomes rising while this drops — market consensus | 1305 snapshots — robust data
20:45	471	STEAM	Carlisle vs Scunthorpe	2 (Scunthorpe)	2.67	70%	-10.4%	2.98				Steam move: odds dropped -10.4% | Sustained odds drop: 2.98 → 2.67 (-10.4%) | Strong drop >8% | 1304 snapshots — robust data
20:45	471	STEAM	Chester vs Alfreton	2 (Alfreton)	3.84	70%	-14.3%	4.48				Steam move: odds dropped -14.3% | Sustained odds drop: 4.48 → 3.84 (-14.3%) | Strong drop >8% | 1273 snapshots — robust data
20:45	471	STEAM	Chorley vs Southport	2 (Southport)	2.90	70%	-25.6%	3.90				Steam move: odds dropped -25.6% | Sustained odds drop: 3.90 → 2.90 (-25.6%) | Strong drop >8% | 1273 snapshots — robust data
20:45	471	STEAM	Darlington vs Radcliffe	2 (Radcliffe)	2.70	70%	-7.5%	2.92				Steam move: odds dropped -7.5% | Sustained odds drop: 2.92 → 2.70 (-7.5%) | Other outcomes rising while this drops — market consensus | 1274 snapshots — robust data
20:45	471	STEAM	Horsham FC vs Dag & Red	2 (Dag & Red)	2.60	70%	-7.5%	2.81				Steam move: odds dropped -7.5% | Sustained odds drop: 2.81 → 2.60 (-7.5%) | Other outcomes rising while this drops — market consensus | 1179 snapshots — robust data
20:45	471	STEAM	Lancaster vs Rushall	1 (Lancaster)	1.84	70%	-6.6%	1.97				Steam move: odds dropped -6.6% | Sustained odds drop: 1.97 → 1.84 (-6.6%) | Other outcomes rising while this drops — market consensus | 1183 snapshots — robust data
20:45	471	STEAM	Stockton vs Prescot	2 (Prescot)	3.26	70%	-14.7%	3.82				Steam move: odds dropped -14.7% | Sustained odds drop: 3.82 → 3.26 (-14.7%) | Strong drop >8% | 1180 snapshots — robust data
20:45	471	STEAM	Bishop's Stortford vs Harborough	2 (Harborough)	1.66	70%	-7.8%	1.80				Steam move: odds dropped -7.8% | Sustained odds drop: 1.80 → 1.66 (-7.8%) | Other outcomes rising while this drops — market consensus | 1171 snapshots — robust data
20:45	471	STEAM	Yate Town vs Poole	X (Draw)	3.41	70%	-8.6%	3.73				Steam move: odds dropped -8.6% | Sustained odds drop: 3.73 → 3.41 (-8.6%) | Strong drop >8% | 1171 snapshots — robust data
20:45	471	STEAM	Hertha Berlin vs Freiburg	1 (Hertha Berlin)	3.02	70%	-8.2%	3.29				Steam move: odds dropped -8.2% | Sustained odds drop: 3.29 → 3.02 (-8.2%) | Strong drop >8% | 1169 snapshots — robust data
20:45	471	STEAM	Linfield vs Dungannon	1 (Linfield)	1.41	70%	-5.4%	1.49				Steam move: odds dropped -5.4% | Sustained odds drop: 1.49 → 1.41 (-5.4%) | Other outcomes rising while this drops — market consensus | 1157 snapshots — robust data
20:45	471	STEAM	St Johnstone vs Ayr	2 (Ayr)	4.31	70%	-21.9%	5.52				Steam move: odds dropped -21.9% | Sustained odds drop: 5.52 → 4.31 (-21.9%) | Strong drop >8% | 1268 snapshots — robust data
20:45	471	STEAM	Flint Mountain vs Buckley	2 (Buckley)	2.19	70%	-8.8%	2.40				Steam move: odds dropped -8.8% | Sustained odds drop: 2.40 → 2.19 (-8.8%) | Strong drop >8% | 1138 snapshots — robust data
20:45	471	STEAM	Aldershot vs Southend	1 (Aldershot)	3.31	70%	-8.3%	3.61				Steam move: odds dropped -8.3% | Sustained odds drop: 3.61 → 3.31 (-8.3%) | Strong drop >8% | 321 snapshots — robust data
20:45	471	STEAM	Wingate & Finchley vs Burgess Hill	1 (Wingate & Finchley)	2.09	70%	-9.1%	2.30				Steam move: odds dropped -9.1% | Sustained odds drop: 2.30 → 2.09 (-9.1%) | Strong drop >8% | 1315 snapshots — robust data
20:45	471	STEAM	Truro vs Woking	1 (Truro)	2.69	70%	-6.9%	2.89				Steam move: odds dropped -6.9% | Sustained odds drop: 2.89 → 2.69 (-6.9%) | Other outcomes rising while this drops — market consensus | 1305 snapshots — robust data
20:45	471	STEAM	Carlisle vs Scunthorpe	2 (Scunthorpe)	2.67	70%	-10.4%	2.98				Steam move: odds dropped -10.4% | Sustained odds drop: 2.98 → 2.67 (-10.4%) | Strong drop >8% | 1304 snapshots — robust data
20:45	471	STEAM	Chester vs Alfreton	2 (Alfreton)	3.84	70%	-14.3%	4.48				Steam move: odds dropped -14.3% | Sustained odds drop: 4.48 → 3.84 (-14.3%) | Strong drop >8% | 1273 snapshots — robust data
20:45	471	STEAM	Chorley vs Southport	2 (Southport)	2.90	70%	-25.6%	3.90				Steam move: odds dropped -25.6% | Sustained odds drop: 3.90 → 2.90 (-25.6%) | Strong drop >8% | 1273 snapshots — robust data
20:45	471	STEAM	Darlington vs Radcliffe	2 (Radcliffe)	2.70	70%	-7.5%	2.92				Steam move: odds dropped -7.5% | Sustained odds drop: 2.92 → 2.70 (-7.5%) | Other outcomes rising while this drops — market consensus | 1274 snapshots — robust data
20:45	471	STEAM	Horsham FC vs Dag & Red	2 (Dag & Red)	2.60	70%	-7.5%	2.81				Steam move: odds dropped -7.5% | Sustained odds drop: 2.81 → 2.60 (-7.5%) | Other outcomes rising while this drops — market consensus | 1179 snapshots — robust data
20:45	471	STEAM	Lancaster vs Rushall	1 (Lancaster)	1.84	70%	-6.6%	1.97				Steam move: odds dropped -6.6% | Sustained odds drop: 1.97 → 1.84 (-6.6%) | Other outcomes rising while this drops — market consensus | 1183 snapshots — robust data
20:45	471	STEAM	Stockton vs Prescot	2 (Prescot)	3.26	70%	-14.7%	3.82				Steam move: odds dropped -14.7% | Sustained odds drop: 3.82 → 3.26 (-14.7%) | Strong drop >8% | 1180 snapshots — robust data
20:45	471	STEAM	Bishop's Stortford vs Harborough	2 (Harborough)	1.66	70%	-7.8%	1.80				Steam move: odds dropped -7.8% | Sustained odds drop: 1.80 → 1.66 (-7.8%) | Other outcomes rising while this drops — market consensus | 1171 snapshots — robust data
20:45	471	STEAM	Yate Town vs Poole	X (Draw)	3.41	70%	-8.6%	3.73				Steam move: odds dropped -8.6% | Sustained odds drop: 3.73 → 3.41 (-8.6%) | Strong drop >8% | 1171 snapshots — robust data
20:45	471	STEAM	Hertha Berlin vs Freiburg	1 (Hertha Berlin)	3.02	70%	-8.2%	3.29				Steam move: odds dropped -8.2% | Sustained odds drop: 3.29 → 3.02 (-8.2%) | Strong drop >8% | 1169 snapshots — robust data
20:45	471	STEAM	Linfield vs Dungannon	1 (Linfield)	1.41	70%	-5.4%	1.49				Steam move: odds dropped -5.4% | Sustained odds drop: 1.49 → 1.41 (-5.4%) | Other outcomes rising while this drops — market consensus | 1157 snapshots — robust data
20:45	471	STEAM	St Johnstone vs Ayr	2 (Ayr)	4.31	70%	-21.9%	5.52				Steam move: odds dropped -21.9% | Sustained odds drop: 5.52 → 4.31 (-21.9%) | Strong drop >8% | 1268 snapshots — robust data
20:45	471	STEAM	Flint Mountain vs Buckley	2 (Buckley)	2.19	70%	-8.8%	2.40				Steam move: odds dropped -8.8% | Sustained odds drop: 2.40 → 2.19 (-8.8%) | Strong drop >8% | 1138 snapshots — robust data
20:45	471	STEAM	Lewes vs Billericay	1 (Lewes)	3.87	55%	-6.8%	4.15				Steam move: odds dropped -6.8% | Sustained odds drop: 4.15 → 3.87 (-6.8%) | 1315 snapshots — robust data
20:45	471	STEAM	Crawley vs Cambridge Utd	1 (Crawley)	3.20	55%	-5.0%	3.37				Steam move: odds dropped -5.0% | Sustained odds drop: 3.37 → 3.20 (-5.0%) | 1308 snapshots — robust data
20:45	471	STEAM	Macclesfield vs Leamington	X (Draw)	4.52	55%	-6.0%	4.81				Steam move: odds dropped -6.0% | Sustained odds drop: 4.81 → 4.52 (-6.0%) | 1260 snapshots — robust data
20:45	471	STEAM	AFC Totton vs Bath	2 (Bath)	2.72	55%	-5.6%	2.88				Steam move: odds dropped -5.6% | Sustained odds drop: 2.88 → 2.72 (-5.6%) | 1258 snapshots — robust data
20:45	471	STEAM	Eastbourne Boro vs Maidstone	2 (Maidstone)	2.18	55%	-5.6%	2.31				Steam move: odds dropped -5.6% | Sustained odds drop: 2.31 → 2.18 (-5.6%) | 1229 snapshots — robust data
20:45	471	STEAM	Hednesford vs Hebburn Town	1 (Hednesford)	1.87	55%	-7.9%	2.03				Steam move: odds dropped -7.9% | Sustained odds drop: 2.03 → 1.87 (-7.9%) | 1182 snapshots — robust data
20:45	471	STEAM	Stratford vs Halesowen	X (Draw)	3.35	55%	-6.7%	3.59				Steam move: odds dropped -6.7% | Sustained odds drop: 3.59 → 3.35 (-6.7%) | 1177 snapshots — robust data
20:45	471	STEAM	Royston vs Bury Town	2 (Bury Town)	2.21	55%	-5.1%	2.33				Steam move: odds dropped -5.1% | Sustained odds drop: 2.33 → 2.21 (-5.1%) | 1171 snapshots — robust data
20:45	471	STEAM	Cliftonville vs Bangor FC	2 (Bangor FC)	4.91	55%	-5.0%	5.17				Steam move: odds dropped -5.0% | Sustained odds drop: 5.17 → 4.91 (-5.0%) | 1161 snapshots — robust data
20:45	471	STEAM	Montrose vs Peterhead	1 (Montrose)	2.25	55%	-7.8%	2.44				Steam move: odds dropped -7.8% | Sustained odds drop: 2.44 → 2.25 (-7.8%) | 1155 snapshots — robust data
20:45	471	STEAM	Lewes vs Billericay	1 (Lewes)	3.87	55%	-6.8%	4.15				Steam move: odds dropped -6.8% | Sustained odds drop: 4.15 → 3.87 (-6.8%) | 1315 snapshots — robust data
20:45	471	STEAM	Crawley vs Cambridge Utd	1 (Crawley)	3.20	55%	-5.0%	3.37				Steam move: odds dropped -5.0% | Sustained odds drop: 3.37 → 3.20 (-5.0%) | 1308 snapshots — robust data
20:45	471	STEAM	Macclesfield vs Leamington	X (Draw)	4.52	55%	-6.0%	4.81				Steam move: odds dropped -6.0% | Sustained odds drop: 4.81 → 4.52 (-6.0%) | 1260 snapshots — robust data
20:45	471	STEAM	AFC Totton vs Bath	2 (Bath)	2.72	55%	-5.6%	2.88				Steam move: odds dropped -5.6% | Sustained odds drop: 2.88 → 2.72 (-5.6%) | 1258 snapshots — robust data
20:45	471	STEAM	Eastbourne Boro vs Maidstone	2 (Maidstone)	2.18	55%	-5.6%	2.31				Steam move: odds dropped -5.6% | Sustained odds drop: 2.31 → 2.18 (-5.6%) | 1229 snapshots — robust data
20:45	471	STEAM	Hednesford vs Hebburn Town	1 (Hednesford)	1.87	55%	-7.9%	2.03				Steam move: odds dropped -7.9% | Sustained odds drop: 2.03 → 1.87 (-7.9%) | 1182 snapshots — robust data
20:45	471	STEAM	Stratford vs Halesowen	X (Draw)	3.35	55%	-6.7%	3.59				Steam move: odds dropped -6.7% | Sustained odds drop: 3.59 → 3.35 (-6.7%) | 1177 snapshots — robust data
20:45	471	STEAM	Royston vs Bury Town	2 (Bury Town)	2.21	55%	-5.1%	2.33				Steam move: odds dropped -5.1% | Sustained odds drop: 2.33 → 2.21 (-5.1%) | 1171 snapshots — robust data
20:45	471	STEAM	Cliftonville vs Bangor FC	2 (Bangor FC)	4.91	55%	-5.0%	5.17				Steam move: odds dropped -5.0% | Sustained odds drop: 5.17 → 4.91 (-5.0%) | 1161 snapshots — robust data
20:45	471	STEAM	Montrose vs Peterhead	1 (Montrose)	2.25	55%	-7.8%	2.44				Steam move: odds dropped -7.8% | Sustained odds drop: 2.44 → 2.25 (-7.8%) | 1155 snapshots — robust data
20:45	471	SUSTAINED_DROP	Stratford vs Halesowen	1 (Stratford)	2.65	40%	-22.1%	3.40				Sustained odds drop: 3.40 → 2.65 (-22.1%) | Strong drop >8% | 1177 snapshots — robust data
20:45	471	SUSTAINED_DROP	Flint Mountain vs Buckley	X (Draw)	3.65	40%	-8.8%	4.00				Sustained odds drop: 4.00 → 3.65 (-8.8%) | Strong drop >8% | 1138 snapshots — robust data
20:45	471	SUSTAINED_DROP	Stratford vs Halesowen	1 (Stratford)	2.65	40%	-22.1%	3.40				Sustained odds drop: 3.40 → 2.65 (-22.1%) | Strong drop >8% | 1177 snapshots — robust data
20:45	471	SUSTAINED_DROP	Flint Mountain vs Buckley	X (Draw)	3.65	40%	-8.8%	4.00				Sustained odds drop: 4.00 → 3.65 (-8.8%) | Strong drop >8% | 1138 snapshots — robust data
20:45	471	SUSTAINED_DROP	Chester vs Alfreton	X (Draw)	3.30	25%	-5.7%	3.50				Sustained odds drop: 3.50 → 3.30 (-5.7%) | 1273 snapshots — robust data
20:45	471	SUSTAINED_DROP	Royston vs Bury Town	X (Draw)	3.31	25%	-6.5%	3.54				Sustained odds drop: 3.54 → 3.31 (-6.5%) | 1171 snapshots — robust data
20:45	471	SUSTAINED_DROP	St Johnstone vs Ayr	X (Draw)	3.61	25%	-7.2%	3.89				Sustained odds drop: 3.89 → 3.61 (-7.2%) | 1268 snapshots — robust data
20:45	471	SUSTAINED_DROP	Chester vs Alfreton	X (Draw)	3.30	25%	-5.7%	3.50				Sustained odds drop: 3.50 → 3.30 (-5.7%) | 1273 snapshots — robust data
20:45	471	SUSTAINED_DROP	Royston vs Bury Town	X (Draw)	3.31	25%	-6.5%	3.54				Sustained odds drop: 3.54 → 3.31 (-6.5%) | 1171 snapshots — robust data
20:45	471	SUSTAINED_DROP	St Johnstone vs Ayr	X (Draw)	3.61	25%	-7.2%	3.89				Sustained odds drop: 3.89 → 3.61 (-7.2%) | 1268 snapshots — robust data
21:00	486	STEAM	Motherwell vs Rangers	2 (Rangers)	2.07	85%	-10.0%	2.30				Steam move: odds dropped -10.0% | Sustained odds drop: 2.30 → 2.07 (-10.0%) | Strong drop >8% | Other outcomes rising while this drops — market consensus | 321 snapshots — robust data
21:00	486	STEAM	Union de Santa Fe 2 vs Aldosivi 2	2 (Aldosivi 2)	3.72	70%	-10.4%	4.15				Steam move: odds dropped -10.4% | Sustained odds drop: 4.15 → 3.72 (-10.4%) | Strong drop >8% | 1058 snapshots — robust data
21:00	486	STEAM	Napoli vs Como	2 (Como)	2.75	70%	-13.2%	3.17				Steam move: odds dropped -13.2% | Sustained odds drop: 3.17 → 2.75 (-13.2%) | Strong drop >8% | 1132 snapshots — robust data
21:00	486	STEAM	Nijmegen vs Utrecht	1 (Nijmegen)	1.72	70%	-7.0%	1.85				Steam move: odds dropped -7.0% | Sustained odds drop: 1.85 → 1.72 (-7.0%) | Other outcomes rising while this drops — market consensus | 321 snapshots — robust data
21:00	486	STEAM	Union de Santa Fe 2 vs Aldosivi 2	2 (Aldosivi 2)	3.72	70%	-10.4%	4.15				Steam move: odds dropped -10.4% | Sustained odds drop: 4.15 → 3.72 (-10.4%) | Strong drop >8% | 1058 snapshots — robust data
21:00	486	STEAM	Napoli vs Como	2 (Como)	2.75	70%	-13.2%	3.17				Steam move: odds dropped -13.2% | Sustained odds drop: 3.17 → 2.75 (-13.2%) | Strong drop >8% | 1132 snapshots — robust data
21:00	486	STEAM	Portuguesa RJ vs Nova Iguacu	X (Draw)	2.74	55%	-5.5%	2.90				Steam move: odds dropped -5.5% | Sustained odds drop: 2.90 → 2.74 (-5.5%) | 470 snapshots — robust data
21:00	486	STEAM	Swindon vs Newport	2 (Newport)	5.49	55%	-7.6%	5.94				Steam move: odds dropped -7.6% | Sustained odds drop: 5.94 → 5.49 (-7.6%) | 321 snapshots — robust data
21:00	486	SUSTAINED_DROP	Portuguesa RJ vs Nova Iguacu	1 (Portuguesa RJ)	2.60	40%	-9.1%	2.86				Sustained odds drop: 2.86 → 2.60 (-9.1%) | Strong drop >8% | 470 snapshots — robust data
21:15	501	STEAM	Murata vs Juvenes/Dogana	2 (Juvenes/Dogana)	1.43	85%	-10.6%	1.60				Steam move: odds dropped -10.6% | Sustained odds drop: 1.60 → 1.43 (-10.6%) | Strong drop >8% | Other outcomes rising while this drops — market consensus | 1132 snapshots — robust data
21:15	501	STEAM	Murata vs Juvenes/Dogana	2 (Juvenes/Dogana)	1.43	85%	-10.6%	1.60				Steam move: odds dropped -10.6% | Sustained odds drop: 1.60 → 1.43 (-10.6%) | Strong drop >8% | Other outcomes rising while this drops — market consensus | 1132 snapshots — robust data
21:15	501	STEAM	Faetano vs Cosmos	X (Draw)	3.42	70%	-11.2%	3.85				Steam move: odds dropped -11.2% | Sustained odds drop: 3.85 → 3.42 (-11.2%) | Strong drop >8% | 1132 snapshots — robust data
21:15	501	STEAM	Faetano vs Cosmos	X (Draw)	3.42	70%	-11.2%	3.85				Steam move: odds dropped -11.2% | Sustained odds drop: 3.85 → 3.42 (-11.2%) | Strong drop >8% | 1132 snapshots — robust data
21:15	501	STEAM	Sunderland vs Liverpool	1 (Sunderland)	4.72	55%	-7.8%	5.12				Steam move: odds dropped -7.8% | Sustained odds drop: 5.12 → 4.72 (-7.8%) | 321 snapshots — robust data
21:15	501	SUSTAINED_DROP	Faetano vs Cosmos	1 (Faetano)	5.05	40%	-9.8%	5.60				Sustained odds drop: 5.60 → 5.05 (-9.8%) | Strong drop >8% | 1132 snapshots — robust data
21:15	501	SUSTAINED_DROP	Faetano vs Cosmos	1 (Faetano)	5.05	40%	-9.8%	5.60				Sustained odds drop: 5.60 → 5.05 (-9.8%) | Strong drop >8% | 1132 snapshots — robust data
22:00	546	STEAM	Venezuela U20 W vs Paraguay U20 W	X (Draw)	3.32	55%	-5.7%	3.52				Steam move: odds dropped -5.7% | Sustained odds drop: 3.52 → 3.32 (-5.7%) | 1036 snapshots — robust data
22:00	546	STEAM	Venezuela U20 W vs Paraguay U20 W	X (Draw)	3.32	55%	-5.7%	3.52				Steam move: odds dropped -5.7% | Sustained odds drop: 3.52 → 3.32 (-5.7%) | 1036 snapshots — robust data
22:00	546	SUSTAINED_DROP	Venezuela U20 W vs Paraguay U20 W	1 (Venezuela U20 W)	3.64	40%	-20.7%	4.59				Sustained odds drop: 4.59 → 3.64 (-20.7%) | Strong drop >8% | 1036 snapshots — robust data
22:00	546	SUSTAINED_DROP	Venezuela U20 W vs Paraguay U20 W	1 (Venezuela U20 W)	3.64	40%	-20.7%	4.59				Sustained odds drop: 4.59 → 3.64 (-20.7%) | Strong drop >8% | 1036 snapshots — robust data
22:45	591	STEAM	Puebla W vs Atlas W	X (Draw)	3.64	70%	-8.3%	3.97				Steam move: odds dropped -8.3% | Sustained odds drop: 3.97 → 3.64 (-8.3%) | Strong drop >8% | 1132 snapshots — robust data
22:45	591	STEAM	Puebla W vs Atlas W	X (Draw)	3.64	70%	-8.3%	3.97				Steam move: odds dropped -8.3% | Sustained odds drop: 3.97 → 3.64 (-8.3%) | Strong drop >8% | 1132 snapshots — robust data
22:45	591	SUSTAINED_DROP	Puebla W vs Atlas W	1 (Puebla W)	4.19	40%	-13.2%	4.83				Sustained odds drop: 4.83 → 4.19 (-13.2%) | Strong drop >8% | 1132 snapshots — robust data
22:45	591	SUSTAINED_DROP	Puebla W vs Atlas W	1 (Puebla W)	4.19	40%	-13.2%	4.83				Sustained odds drop: 4.83 → 4.19 (-13.2%) | Strong drop >8% | 1132 snapshots — robust data
23:00	606	STEAM	Santa Cruz vs Nautico	2 (Nautico)	1.88	85%	-13.0%	2.16				Steam move: odds dropped -13.0% | Sustained odds drop: 2.16 → 1.88 (-13.0%) | Strong drop >8% | Other outcomes rising while this drops — market consensus | 318 snapshots — robust data
23:00	606	STEAM	Vasco da Gama AC vs Independencia	2 (Independencia)	3.05	70%	-23.2%	3.97				Steam move: odds dropped -23.2% | Sustained odds drop: 3.97 → 3.05 (-23.2%) | Strong drop >8% | 1131 snapshots — robust data
23:00	606	STEAM	Vasco da Gama AC vs Independencia	2 (Independencia)	3.05	70%	-23.2%	3.97				Steam move: odds dropped -23.2% | Sustained odds drop: 3.97 → 3.05 (-23.2%) | Strong drop >8% | 1131 snapshots — robust data
23:15	621	STEAM	Jacuipense vs Alagoinhas	X (Draw)	2.85	85%	-8.9%	3.13				Steam move: odds dropped -8.9% | Sustained odds drop: 3.13 → 2.85 (-8.9%) | Strong drop >8% | Other outcomes rising while this drops — market consensus | 1042 snapshots — robust data
23:15	621	STEAM	Jacuipense vs Alagoinhas	X (Draw)	2.85	85%	-8.9%	3.13				Steam move: odds dropped -8.9% | Sustained odds drop: 3.13 → 2.85 (-8.9%) | Strong drop >8% | Other outcomes rising while this drops — market consensus | 1042 snapshots — robust data
23:30	636	LATE_SHARP	Votuporanguense vs Taubate	1 (Votuporanguense)	2.01	95%	-9.5%	2.22				Late sharp move detected on 1 | Steam move: odds dropped -9.5% | Sustained odds drop: 2.22 → 2.01 (-9.5%) | Strong drop >8% | Other outcomes rising while this drops — market consensus | 28 snapshots — robust data
23:30	636	STEAM	Moto Club vs IAPE	2 (IAPE)	4.50	70%	-9.3%	4.96				Steam move: odds dropped -9.3% | Sustained odds drop: 4.96 → 4.50 (-9.3%) | Strong drop >8% | 173 snapshots — robust data
23:30	636	STEAM	Maranhao vs Sampaio Correa	2 (Sampaio Correa)	3.10	70%	-6.6%	3.32				Steam move: odds dropped -6.6% | Sustained odds drop: 3.32 → 3.10 (-6.6%) | Other outcomes rising while this drops — market consensus | 173 snapshots — robust data
