captured_at	kick_off	min_to_ko	match	bet	odds	opening	drop_pct	snapshots	confidence	score	market_consensus	type	reason
00:01:51	LIVE 56''	LIVE	Cruz Azul W vs Club America W	X (Draw)	2.79	2.40	+12.0%	T3	75%	64.8	1:1	LIVE_VALUE	Edge: +12.0% | Model: 42% vs market: 36% | Fair: 2.40 vs offered: 2.79 | Drawing 1:1 | Mid-game (56') | T3
00:01:51	LIVE 45+''	LIVE	Estudiantes L.P. vs Dep. Riestra	1 (Estudiantes L.P.)	2.26	1.97	+12.0%	T3	75%	64.8	0:0	LIVE_VALUE	Edge: +12.0% | Model: 51% vs market: 44% | Fair: 1.97 vs offered: 2.26 | Home value in draw | Mid-game (47') | T3
00:01:51	LIVE 45+''	LIVE	Lanus vs Talleres Cordoba	1 (Lanus)	2.65	2.21	+12.0%	T3	75%	64.8	0:0	LIVE_VALUE	Edge: +12.0% | Model: 45% vs market: 38% | Fair: 2.21 vs offered: 2.65 | Home value in draw | Mid-game (47') | T3
00:02:15	LIVE 57''	LIVE	Cruz Azul W vs Club America W	X (Draw)	2.78	2.35	+12.0%	T3	75%	64.8	1:1	LIVE_VALUE	Edge: +12.0% | Model: 43% vs market: 36% | Fair: 2.35 vs offered: 2.78 | Drawing 1:1 | Mid-game (57') | T3
00:02:15	LIVE 45+''	LIVE	Estudiantes L.P. vs Dep. Riestra	1 (Estudiantes L.P.)	2.26	1.97	+12.0%	T3	75%	64.8	0:0	LIVE_VALUE	Edge: +12.0% | Model: 51% vs market: 44% | Fair: 1.97 vs offered: 2.26 | Home value in draw | Mid-game (47') | T3
00:02:15	LIVE 32''	LIVE	Serra Branca vs Nacional de Patos	1 (Serra Branca)	1.88	1.63	+12.0%	T3	75%	64.8	1:1	LIVE_VALUE	Edge: +12.0% | Model: 61% vs market: 53% | Fair: 1.63 vs offered: 1.88 | Home value in draw | Mid-game (32') | T3
00:05:45	LIVE 47''	LIVE	Monsoon vs Inter Santa Maria	1 (Monsoon)	12.08	10.04	+12.0%	T3	75%	64.8	0:1	LIVE_VALUE	Edge: +12.0% | Model: 10% vs market: 8% | Fair: 10.04 vs offered: 12.08 | Home trailing by 1 (0:1) | Mid-game (47') | T3
00:05:45	LIVE 60''	LIVE	Cruz Azul W vs Club America W	X (Draw)	2.62	2.21	+12.0%	T3	75%	64.8	1:1	LIVE_VALUE	Edge: +12.0% | Model: 45% vs market: 38% | Fair: 2.21 vs offered: 2.62 | Drawing 1:1 | Second half (60') | T3
00:05:45	LIVE 45+''	LIVE	Estudiantes L.P. vs Dep. Riestra	1 (Estudiantes L.P.)	2.35	1.97	+12.0%	T3	75%	64.8	0:0	LIVE_VALUE	Edge: +12.0% | Model: 51% vs market: 43% | Fair: 1.97 vs offered: 2.35 | Home value in draw | Mid-game (47') | T3
00:10:36	LIVE 48''	LIVE	Vilavelhense vs Serra	1 (Vilavelhense)	1.67	1.44	+12.0%	T3	75%	64.8	1:0	LIVE_VALUE	Edge: +12.0% | Model: 69% vs market: 60% | Fair: 1.44 vs offered: 1.67 | Home leading 1:0 | Mid-game (48') | T3
00:10:36	LIVE 10''	LIVE	Avenida vs Guarany de Bage	1 (Avenida)	1.54	1.28	+12.0%	T3	60%	56.0	1:0	LIVE_VALUE	Edge: +12.0% | Model: 78% vs market: 65% | Fair: 1.28 vs offered: 1.54 | Home leading 1:0 | Early (10') | T3
00:14:01	LIVE 51''	LIVE	Vilavelhense vs Serra	1 (Vilavelhense)	1.67	1.41	+12.0%	T3	65%	62.2	1:0	LIVE_VALUE	Edge: +12.0% | Model: 71% vs market: 60% | Fair: 1.41 vs offered: 1.67 | Home leading 1:0 | Mid-game (51') | T3
00:14:01	LIVE 14''	LIVE	Avenida vs Guarany de Bage	1 (Avenida)	1.54	1.28	+12.0%	T3	60%	56.0	1:0	LIVE_VALUE	Edge: +12.0% | Model: 78% vs market: 65% | Fair: 1.28 vs offered: 1.54 | Home leading 1:0 | Early (14') | T3
00:14:03	LIVE 51''	LIVE	Vilavelhense vs Serra	1 (Vilavelhense)	1.67	1.41	+12.0%	T3	65%	62.2	1:0	LIVE_VALUE	Edge: +12.0% | Model: 71% vs market: 60% | Fair: 1.41 vs offered: 1.67 | Home leading 1:0 | Mid-game (51') | T3
00:14:03	LIVE 14''	LIVE	Avenida vs Guarany de Bage	1 (Avenida)	1.54	1.28	+12.0%	T3	60%	56.0	1:0	LIVE_VALUE	Edge: +12.0% | Model: 78% vs market: 65% | Fair: 1.28 vs offered: 1.54 | Home leading 1:0 | Early (14') | T3
00:17:39	LIVE 55''	LIVE	Vilavelhense vs Serra	1 (Vilavelhense)	1.66	1.38	+12.0%	T3	65%	62.2	1:0	LIVE_VALUE	Edge: +12.0% | Model: 73% vs market: 60% | Fair: 1.38 vs offered: 1.66 | Home leading 1:0 | Mid-game (55') | T3
00:17:39	LIVE 17''	LIVE	Avenida vs Guarany de Bage	1 (Avenida)	1.55	1.28	+12.0%	T3	60%	56.0	1:0	LIVE_VALUE	Edge: +12.0% | Model: 78% vs market: 65% | Fair: 1.28 vs offered: 1.55 | Home leading 1:0 | Early (17') | T3
00:17:40	LIVE 55''	LIVE	Vilavelhense vs Serra	1 (Vilavelhense)	1.66	1.38	+12.0%	T3	65%	62.2	1:0	LIVE_VALUE	Edge: +12.0% | Model: 73% vs market: 60% | Fair: 1.38 vs offered: 1.66 | Home leading 1:0 | Mid-game (55') | T3
00:17:40	LIVE 17''	LIVE	Avenida vs Guarany de Bage	1 (Avenida)	1.55	1.28	+12.0%	T3	60%	56.0	1:0	LIVE_VALUE	Edge: +12.0% | Model: 78% vs market: 65% | Fair: 1.28 vs offered: 1.55 | Home leading 1:0 | Early (17') | T3
00:21:05	LIVE 21''	LIVE	Avenida vs Guarany de Bage	1 (Avenida)	1.44	1.27	+12.0%	T3	75%	64.8	1:0	LIVE_VALUE	Edge: +12.0% | Model: 79% vs market: 69% | Fair: 1.27 vs offered: 1.44 | Home leading 1:0 | Early (21') | T3
00:21:05	LIVE 48''	LIVE	Lanus vs Talleres Cordoba	1 (Lanus)	2.61	2.23	+12.0%	T3	75%	64.8	0:0	LIVE_VALUE	Edge: +12.0% | Model: 45% vs market: 38% | Fair: 2.23 vs offered: 2.61 | Home value in draw | Mid-game (48') | T3
00:21:05	LIVE 58''	LIVE	Vilavelhense vs Serra	1 (Vilavelhense)	1.58	1.35	+12.0%	T3	65%	62.2	1:0	LIVE_VALUE	Edge: +12.0% | Model: 74% vs market: 63% | Fair: 1.35 vs offered: 1.58 | Home leading 1:0 | Mid-game (58') | T3
00:25:33	LIVE 52''	LIVE	Lanus vs Talleres Cordoba	1 (Lanus)	2.69	2.35	+12.0%	T3	75%	64.8	0:0	LIVE_VALUE	Edge: +12.0% | Model: 43% vs market: 37% | Fair: 2.35 vs offered: 2.69 | Home value in draw | Mid-game (52') | T3
00:25:33	LIVE 62''	LIVE	Vilavelhense vs Serra	1 (Vilavelhense)	1.54	1.31	+12.0%	T3	65%	62.2	1:0	LIVE_VALUE	Edge: +12.0% | Model: 76% vs market: 65% | Fair: 1.31 vs offered: 1.54 | Home leading 1:0 | Second half (62') | T3
00:25:33	LIVE 25''	LIVE	Avenida vs Guarany de Bage	1 (Avenida)	1.46	1.27	+12.0%	T3	65%	62.2	1:0	LIVE_VALUE	Edge: +12.0% | Model: 79% vs market: 68% | Fair: 1.27 vs offered: 1.46 | Home leading 1:0 | Early (25') | T3
00:29:05	LIVE 49''	LIVE	Estudiantes L.P. vs Dep. Riestra	1 (Estudiantes L.P.)	2.35	2.02	+12.0%	T3	75%	64.8	0:0	LIVE_VALUE	Edge: +12.0% | Model: 50% vs market: 43% | Fair: 2.02 vs offered: 2.35 | Home value in draw | Mid-game (49') | T3
00:29:05	LIVE 55''	LIVE	Lanus vs Talleres Cordoba	1 (Lanus)	2.77	2.46	+12.0%	T3	75%	64.8	0:0	LIVE_VALUE	Edge: +12.0% | Model: 41% vs market: 36% | Fair: 2.46 vs offered: 2.77 | Home value in draw | Mid-game (55') | T3
00:29:05	LIVE 29''	LIVE	Avenida vs Guarany de Bage	1 (Avenida)	1.46	1.26	+12.0%	T3	65%	62.2	1:0	LIVE_VALUE	Edge: +12.0% | Model: 79% vs market: 68% | Fair: 1.26 vs offered: 1.46 | Home leading 1:0 | Early (29') | T3
00:29:05	LIVE 66''	LIVE	Vilavelhense vs Serra	1 (Vilavelhense)	1.52	1.27	+12.0%	T3	60%	56.0	1:0	LIVE_VALUE	Edge: +12.0% | Model: 78% vs market: 66% | Fair: 1.27 vs offered: 1.52 | Home leading 1:0 | Second half (66') | T3
00:29:07	LIVE 49''	LIVE	Estudiantes L.P. vs Dep. Riestra	1 (Estudiantes L.P.)	2.35	2.02	+12.0%	T3	75%	64.8	0:0	LIVE_VALUE	Edge: +12.0% | Model: 50% vs market: 43% | Fair: 2.02 vs offered: 2.35 | Home value in draw | Mid-game (49') | T3
00:29:07	LIVE 29''	LIVE	Avenida vs Guarany de Bage	1 (Avenida)	1.46	1.26	+12.0%	T3	65%	62.2	1:0	LIVE_VALUE	Edge: +12.0% | Model: 79% vs market: 68% | Fair: 1.26 vs offered: 1.46 | Home leading 1:0 | Early (29') | T3
00:29:07	LIVE 66''	LIVE	Vilavelhense vs Serra	1 (Vilavelhense)	1.52	1.27	+12.0%	T3	60%	56.0	1:0	LIVE_VALUE	Edge: +12.0% | Model: 78% vs market: 66% | Fair: 1.27 vs offered: 1.52 | Home leading 1:0 | Second half (66') | T3
00:32:37	LIVE 70''	LIVE	Vilavelhense vs Serra	1 (Vilavelhense)	1.50	1.23	+12.0%	T3	60%	56.0	1:0	LIVE_VALUE	Edge: +12.0% | Model: 81% vs market: 67% | Fair: 1.23 vs offered: 1.50 | Home leading 1:0 | Second half (70') | T3
00:32:38	LIVE 70''	LIVE	Vilavelhense vs Serra	1 (Vilavelhense)	1.50	1.23	+12.0%	T3	60%	56.0	1:0	LIVE_VALUE	Edge: +12.0% | Model: 81% vs market: 67% | Fair: 1.23 vs offered: 1.50 | Home leading 1:0 | Second half (70') | T3
00:36:15	LIVE 73''	LIVE	Vilavelhense vs Serra	1 (Vilavelhense)	1.47	1.21	+12.0%	T3	60%	56.0	1:0	LIVE_VALUE	Edge: +12.0% | Model: 83% vs market: 68% | Fair: 1.21 vs offered: 1.47 | Home leading 1:0 | Second half (73') | T3
00:44:31	LIVE 53''	LIVE	Serra Branca vs Nacional de Patos	1 (Serra Branca)	1.28	1.11	+12.0%	T3	75%	64.8	2:1	LIVE_VALUE	Edge: +12.0% | Model: 90% vs market: 78% | Fair: 1.11 vs offered: 1.28 | Home leading 2:1 | Mid-game (53') | T3
00:44:35	LIVE 53''	LIVE	Serra Branca vs Nacional de Patos	1 (Serra Branca)	1.28	1.11	+12.0%	T3	75%	64.8	2:1	LIVE_VALUE	Edge: +12.0% | Model: 90% vs market: 78% | Fair: 1.11 vs offered: 1.28 | Home leading 2:1 | Mid-game (53') | T3
00:48:10	LIVE 45+''	LIVE	Juventude vs EC Sao Jose	X (Draw)	3.00	2.55	+12.0%	T3	75%	64.8	0:0	LIVE_VALUE	Edge: +12.0% | Model: 39% vs market: 33% | Fair: 2.55 vs offered: 3.00 | Drawing 0:0 | Mid-game (47') | T3
00:48:10	LIVE 57''	LIVE	Serra Branca vs Nacional de Patos	1 (Serra Branca)	1.28	1.11	+12.0%	T3	75%	64.8	2:1	LIVE_VALUE	Edge: +12.0% | Model: 90% vs market: 78% | Fair: 1.11 vs offered: 1.28 | Home leading 2:1 | Mid-game (57') | T3
00:48:13	LIVE 45+''	LIVE	Juventude vs EC Sao Jose	X (Draw)	2.99	2.55	+12.0%	T3	75%	64.8	0:0	LIVE_VALUE	Edge: +12.0% | Model: 39% vs market: 33% | Fair: 2.55 vs offered: 2.99 | Drawing 0:0 | Mid-game (47') | T3
00:48:13	LIVE 57''	LIVE	Serra Branca vs Nacional de Patos	1 (Serra Branca)	1.28	1.11	+12.0%	T3	75%	64.8	2:1	LIVE_VALUE	Edge: +12.0% | Model: 90% vs market: 78% | Fair: 1.11 vs offered: 1.28 | Home leading 2:1 | Mid-game (57') | T3
00:51:28	01:00	9	UNAM Pumas W vs Guadalajara Chivas W	1 (UNAM Pumas W)	2.67	3.19	-16.3%	224	95%	84.6	DA	STEAM	Steam move: odds dropped -16.3% | Sustained odds drop: 3.19 → 2.67 (-16.3%) | Strong drop >8% | Other outcomes rising while this drops — market consensus | Only 9 min to kick-off — late data is more reliable | 224 snapshots — robust data
00:51:48	LIVE 45+''	LIVE	Juventude vs EC Sao Jose	X (Draw)	2.97	2.55	+12.0%	T3	75%	64.8	0:0	LIVE_VALUE	Edge: +12.0% | Model: 39% vs market: 34% | Fair: 2.55 vs offered: 2.97 | Drawing 0:0 | Mid-game (47') | T3
00:51:48	LIVE 61''	LIVE	Serra Branca vs Nacional de Patos	1 (Serra Branca)	1.32	1.10	+12.0%	T3	75%	64.8	2:1	LIVE_VALUE	Edge: +12.0% | Model: 91% vs market: 76% | Fair: 1.10 vs offered: 1.32 | Home leading 2:1 | Second half (61') | T3
00:56:14	LIVE 65''	LIVE	Serra Branca vs Nacional de Patos	1 (Serra Branca)	1.29	1.09	+12.0%	T3	75%	64.8	2:1	LIVE_VALUE	Edge: +12.0% | Model: 91% vs market: 78% | Fair: 1.09 vs offered: 1.29 | Home leading 2:1 | Second half (65') | T3
01:11:06	LIVE 48''	LIVE	Juventude vs EC Sao Jose	X (Draw)	3.04	2.51	+12.0%	T3	75%	64.8	0:0	LIVE_VALUE	Edge: +12.0% | Model: 40% vs market: 33% | Fair: 2.51 vs offered: 3.04 | Drawing 0:0 | Mid-game (48') | T3
01:14:36	LIVE 51''	LIVE	Juventude vs EC Sao Jose	X (Draw)	2.87	2.40	+12.0%	T3	75%	64.8	0:0	LIVE_VALUE	Edge: +12.0% | Model: 42% vs market: 35% | Fair: 2.40 vs offered: 2.87 | Drawing 0:0 | Mid-game (51') | T3
01:14:42	LIVE 51''	LIVE	Juventude vs EC Sao Jose	X (Draw)	2.87	2.40	+12.0%	T3	75%	64.8	0:0	LIVE_VALUE	Edge: +12.0% | Model: 42% vs market: 35% | Fair: 2.40 vs offered: 2.87 | Drawing 0:0 | Mid-game (51') | T3
01:21:17	01:30	9	Estudiantes Rio Cuarto vs Ind. Rivadavia	2 (Ind. Rivadavia)	2.31	2.69	-14.1%	272	95%	81.1	DA	STEAM	Steam move: odds dropped -14.1% | Sustained odds drop: 2.69 → 2.31 (-14.1%) | Strong drop >8% | Other outcomes rising while this drops — market consensus | Only 9 min to kick-off — late data is more reliable | 272 snapshots — robust data
01:24:30	LIVE 67''	LIVE	CA Cerro vs Danubio	X (Draw)	6.21	5.18	+18.0%	T4	75%	75.2	0:1	LIVE_VALUE	Edge: +18.0% | Model: 19% vs market: 16% | Fair: 5.18 vs offered: 6.21 | Second half (67') | T4
01:27:08	LIVE 69''	LIVE	CA Cerro vs Danubio	X (Draw)	6.92	5.44	+18.0%	T4	65%	72.8	0:1	LIVE_VALUE	Edge: +18.0% | Model: 18% vs market: 14% | Fair: 5.44 vs offered: 6.92 | Second half (69') | T4
01:30:42	LIVE 61''	LIVE	Orsomarso vs Patriotas	2 (Patriotas)	6.96	5.62	+12.0%	T3	75%	64.8	0:0	LIVE_VALUE	Edge: +12.0% | Model: 18% vs market: 14% | Fair: 5.62 vs offered: 6.96 | Away value in draw | Second half (61') | T3
01:30:42	LIVE 29''	LIVE	UNAM Pumas W vs Guadalajara Chivas W	1 (UNAM Pumas W)	1.51	1.26	+12.0%	T3	65%	62.2	1:0	LIVE_VALUE	Edge: +12.0% | Model: 79% vs market: 66% | Fair: 1.26 vs offered: 1.51 | Home leading 1:0 | Early (29') | T3
01:31:37	LIVE 62''	LIVE	Orsomarso vs Patriotas	2 (Patriotas)	6.90	5.72	+12.0%	T3	75%	64.8	0:0	LIVE_VALUE	Edge: +12.0% | Model: 17% vs market: 14% | Fair: 5.72 vs offered: 6.90 | Away value in draw | Second half (62') | T3
01:31:37	LIVE 30''	LIVE	UNAM Pumas W vs Guadalajara Chivas W	1 (UNAM Pumas W)	1.52	1.26	+12.0%	T3	65%	62.2	1:0	LIVE_VALUE	Edge: +12.0% | Model: 79% vs market: 66% | Fair: 1.26 vs offered: 1.52 | Home leading 1:0 | Mid-game (30') | T3
01:39:06	LIVE 38''	LIVE	UNAM Pumas W vs Guadalajara Chivas W	1 (UNAM Pumas W)	1.53	1.25	+12.0%	T3	65%	62.2	1:0	LIVE_VALUE	Edge: +12.0% | Model: 80% vs market: 65% | Fair: 1.25 vs offered: 1.53 | Home leading 1:0 | Mid-game (38') | T3
01:40:18	LIVE 39''	LIVE	UNAM Pumas W vs Guadalajara Chivas W	1 (UNAM Pumas W)	1.53	1.24	+12.0%	T3	65%	62.2	1:0	LIVE_VALUE	Edge: +12.0% | Model: 80% vs market: 65% | Fair: 1.24 vs offered: 1.53 | Home leading 1:0 | Mid-game (39') | T3
01:53:50	02:00	6	Santa Ana vs Consultants Desamparados	1 (Santa Ana)	2.15	2.43	-11.5%	313	95%	76.9	DA	STEAM	Steam move: odds dropped -11.5% | Sustained odds drop: 2.43 → 2.15 (-11.5%) | Strong drop >8% | Other outcomes rising while this drops — market consensus | Only 7 min to kick-off — late data is more reliable | 313 snapshots — robust data
02:09:42	LIVE 48''	LIVE	UNAM Pumas W vs Guadalajara Chivas W	1 (UNAM Pumas W)	1.50	1.22	+12.0%	T3	65%	62.2	1:0	LIVE_VALUE	Edge: +12.0% | Model: 82% vs market: 67% | Fair: 1.22 vs offered: 1.50 | Home leading 1:0 | Mid-game (48') | T3
02:16:49	LIVE 52''	LIVE	Manauara vs Parintins	1 (Manauara)	1.21	1.07	+12.0%	T3	65%	62.2	1:0	LIVE_VALUE	Edge: +12.0% | Model: 93% vs market: 83% | Fair: 1.07 vs offered: 1.21 | Home leading 1:0 | Mid-game (52') | T3
02:18:01	LIVE 18''	LIVE	Santa Ana vs Consultants Desamparados	1 (Santa Ana)	1.70	1.40	+18.0%	T4	65%	72.8	1:0	LIVE_VALUE	Edge: +18.0% | Model: 71% vs market: 59% | Fair: 1.40 vs offered: 1.70 | Home leading 1:0 | Early (18') | T4
02:18:01	LIVE 53''	LIVE	Manauara vs Parintins	1 (Manauara)	1.21	1.07	+12.0%	T3	65%	62.2	1:0	LIVE_VALUE	Edge: +12.0% | Model: 93% vs market: 83% | Fair: 1.07 vs offered: 1.21 | Home leading 1:0 | Mid-game (53') | T3
02:24:28	LIVE 63''	LIVE	UNAM Pumas W vs Guadalajara Chivas W	1 (UNAM Pumas W)	1.45	1.17	+12.0%	T3	65%	62.2	1:0	LIVE_VALUE	Edge: +12.0% | Model: 85% vs market: 69% | Fair: 1.17 vs offered: 1.45 | Home leading 1:0 | Second half (63') | T3
02:39:15	LIVE 39''	LIVE	Santa Ana vs Consultants Desamparados	1 (Santa Ana)	1.53	1.34	+14.4%	T4	70%	72.6	1:0	LIVE_VALUE	Edge: +14.4% | Model: 75% vs market: 65% | Fair: 1.34 vs offered: 1.53 | Home leading 1:0 | Mid-game (39') | T4
02:40:15	LIVE 40''	LIVE	Santa Ana vs Consultants Desamparados	1 (Santa Ana)	1.53	1.33	+14.7%	T4	70%	73.2	1:0	LIVE_VALUE	Edge: +14.7% | Model: 75% vs market: 65% | Fair: 1.33 vs offered: 1.53 | Home leading 1:0 | Mid-game (40') | T4
02:42:43	LIVE 43''	LIVE	Santa Ana vs Consultants Desamparados	1 (Santa Ana)	1.55	1.32	+17.2%	T4	70%	77.6	1:0	LIVE_VALUE	Edge: +17.2% | Model: 76% vs market: 65% | Fair: 1.32 vs offered: 1.55 | Home leading 1:0 | Mid-game (43') | T4
02:43:51	LIVE 44''	LIVE	Santa Ana vs Consultants Desamparados	1 (Santa Ana)	1.56	1.32	+18.0%	T4	70%	79.0	1:0	LIVE_VALUE	Edge: +18.0% | Model: 76% vs market: 64% | Fair: 1.32 vs offered: 1.56 | Home leading 1:0 | Mid-game (44') | T4
02:46:23	LIVE 45+''	LIVE	Santa Ana vs Consultants Desamparados	1 (Santa Ana)	1.54	1.31	+17.9%	T4	70%	78.9	1:0	LIVE_VALUE	Edge: +17.9% | Model: 77% vs market: 65% | Fair: 1.31 vs offered: 1.54 | Home leading 1:0 | Mid-game (47') | T4
02:47:18	LIVE 45+''	LIVE	Santa Ana vs Consultants Desamparados	1 (Santa Ana)	1.53	1.31	+17.2%	T4	70%	77.6	1:0	LIVE_VALUE	Edge: +17.2% | Model: 77% vs market: 65% | Fair: 1.31 vs offered: 1.53 | Home leading 1:0 | Mid-game (47') | T4
02:54:26	LIVE 37''	LIVE	Quindio vs Ind. Yumbo	2 (Ind. Yumbo)	5.52	4.55	+12.0%	T3	75%	64.8	0:0	LIVE_VALUE	Edge: +12.0% | Model: 22% vs market: 18% | Fair: 4.55 vs offered: 5.52 | Away value in draw | Mid-game (37') | T3
02:54:26	LIVE 45+''	LIVE	Queretaro W vs Mazatlan FC W	2 (Mazatlan FC W)	1.88	1.55	+12.0%	T3	65%	62.2	0:1	LIVE_VALUE	Edge: +12.0% | Model: 64% vs market: 53% | Fair: 1.55 vs offered: 1.88 | Away leading 0:1 | Mid-game (47') | T3
02:57:47	03:05	7	FC Racing vs Gorilas de Juanacatlan	1 (FC Racing)	1.51	1.67	-9.6%	419	95%	73.8	DA	STEAM	Steam move: odds dropped -9.6% | Sustained odds drop: 1.67 → 1.51 (-9.6%) | Strong drop >8% | Other outcomes rising while this drops — market consensus | Only 7 min to kick-off — late data is more reliable | 419 snapshots — robust data
02:58:05	LIVE 70''	LIVE	Estudiantes Rio Cuarto vs Ind. Rivadavia	2 (Ind. Rivadavia)	1.52	1.27	+12.0%	T3	70%	58.5	0:1	LIVE_VALUE	Edge: +12.0% | Model: 79% vs market: 66% | Fair: 1.27 vs offered: 1.52 | Away leading 0:1 | Second half (70') | T3
03:10:38	LIVE 53''	LIVE	Santa Ana vs Consultants Desamparados	1 (Santa Ana)	1.47	1.28	+15.1%	T4	70%	73.8	1:0	LIVE_VALUE	Edge: +15.1% | Model: 78% vs market: 68% | Fair: 1.28 vs offered: 1.47 | Home leading 1:0 | Mid-game (53') | T4
03:10:38	LIVE 46''	LIVE	Queretaro W vs Mazatlan FC W	2 (Mazatlan FC W)	1.89	1.56	+12.0%	T3	65%	62.2	0:1	LIVE_VALUE	Edge: +12.0% | Model: 64% vs market: 53% | Fair: 1.56 vs offered: 1.89 | Away leading 0:1 | Mid-game (46') | T3
03:11:01	LIVE 53''	LIVE	Santa Ana vs Consultants Desamparados	1 (Santa Ana)	1.46	1.28	+14.3%	T4	70%	72.5	1:0	LIVE_VALUE	Edge: +14.3% | Model: 78% vs market: 68% | Fair: 1.28 vs offered: 1.46 | Home leading 1:0 | Mid-game (53') | T4
03:11:01	LIVE 46''	LIVE	Queretaro W vs Mazatlan FC W	2 (Mazatlan FC W)	1.88	1.56	+12.0%	T3	65%	62.2	0:1	LIVE_VALUE	Edge: +12.0% | Model: 64% vs market: 53% | Fair: 1.56 vs offered: 1.88 | Away leading 0:1 | Mid-game (46') | T3
03:14:15	LIVE 57''	LIVE	Santa Ana vs Consultants Desamparados	1 (Santa Ana)	1.43	1.26	+13.8%	T4	70%	71.6	1:0	LIVE_VALUE	Edge: +13.8% | Model: 80% vs market: 70% | Fair: 1.26 vs offered: 1.43 | Home leading 1:0 | Mid-game (57') | T4
03:14:15	LIVE 50''	LIVE	Queretaro W vs Mazatlan FC W	2 (Mazatlan FC W)	1.87	1.52	+12.0%	T3	65%	62.2	0:1	LIVE_VALUE	Edge: +12.0% | Model: 66% vs market: 53% | Fair: 1.52 vs offered: 1.87 | Away leading 0:1 | Mid-game (50') | T3
03:14:27	LIVE 57''	LIVE	Santa Ana vs Consultants Desamparados	1 (Santa Ana)	1.43	1.26	+13.8%	T4	70%	71.6	1:0	LIVE_VALUE	Edge: +13.8% | Model: 80% vs market: 70% | Fair: 1.26 vs offered: 1.43 | Home leading 1:0 | Mid-game (57') | T4
03:14:27	LIVE 50''	LIVE	Queretaro W vs Mazatlan FC W	2 (Mazatlan FC W)	1.86	1.52	+12.0%	T3	65%	62.2	0:1	LIVE_VALUE	Edge: +12.0% | Model: 66% vs market: 54% | Fair: 1.52 vs offered: 1.86 | Away leading 0:1 | Mid-game (50') | T3
03:17:43	LIVE 60''	LIVE	Santa Ana vs Consultants Desamparados	1 (Santa Ana)	1.40	1.24	+12.9%	T4	70%	70.1	1:0	LIVE_VALUE	Edge: +12.9% | Model: 81% vs market: 71% | Fair: 1.24 vs offered: 1.40 | Home leading 1:0 | Second half (60') | T4
03:17:43	LIVE 53''	LIVE	Queretaro W vs Mazatlan FC W	2 (Mazatlan FC W)	1.81	1.48	+12.0%	T3	65%	62.2	0:1	LIVE_VALUE	Edge: +12.0% | Model: 67% vs market: 55% | Fair: 1.48 vs offered: 1.81 | Away leading 0:1 | Mid-game (53') | T3
03:17:53	LIVE 60''	LIVE	Santa Ana vs Consultants Desamparados	1 (Santa Ana)	1.40	1.24	+12.9%	T4	70%	70.1	1:0	LIVE_VALUE	Edge: +12.9% | Model: 81% vs market: 71% | Fair: 1.24 vs offered: 1.40 | Home leading 1:0 | Second half (60') | T4
03:17:53	LIVE 53''	LIVE	Queretaro W vs Mazatlan FC W	2 (Mazatlan FC W)	1.81	1.48	+12.0%	T3	65%	62.2	0:1	LIVE_VALUE	Edge: +12.0% | Model: 67% vs market: 55% | Fair: 1.48 vs offered: 1.81 | Away leading 0:1 | Mid-game (53') | T3
03:25:59	LIVE 68''	LIVE	Santa Ana vs Consultants Desamparados	1 (Santa Ana)	1.35	1.19	+13.6%	T4	65%	65.0	1:0	LIVE_VALUE	Edge: +13.6% | Model: 84% vs market: 74% | Fair: 1.19 vs offered: 1.35 | Home leading 1:0 | Second half (68') | T4
03:26:36	LIVE 62''	LIVE	Queretaro W vs Mazatlan FC W	X (Draw)	2.36	1.98	+12.0%	T3	75%	64.8	1:1	LIVE_VALUE	Edge: +12.0% | Model: 51% vs market: 42% | Fair: 1.98 vs offered: 2.36 | Drawing 1:1 | Second half (62') | T3
03:26:36	LIVE 69''	LIVE	Santa Ana vs Consultants Desamparados	1 (Santa Ana)	1.34	1.18	+13.4%	T4	65%	64.7	1:0	LIVE_VALUE	Edge: +13.4% | Model: 85% vs market: 75% | Fair: 1.18 vs offered: 1.34 | Home leading 1:0 | Second half (69') | T4
03:29:38	LIVE 72''	LIVE	Santa Ana vs Consultants Desamparados	1 (Santa Ana)	1.31	1.16	+12.7%	T4	65%	63.4	1:0	LIVE_VALUE	Edge: +12.7% | Model: 86% vs market: 76% | Fair: 1.16 vs offered: 1.31 | Home leading 1:0 | Second half (72') | T4
03:30:14	LIVE 73''	LIVE	Santa Ana vs Consultants Desamparados	1 (Santa Ana)	1.31	1.16	+13.3%	T4	65%	64.5	1:0	LIVE_VALUE	Edge: +13.3% | Model: 86% vs market: 76% | Fair: 1.16 vs offered: 1.31 | Home leading 1:0 | Second half (73') | T4
03:30:14	LIVE 66''	LIVE	Queretaro W vs Mazatlan FC W	X (Draw)	2.05	1.83	+12.0%	T3	70%	58.5	1:1	LIVE_VALUE	Edge: +12.0% | Model: 55% vs market: 49% | Fair: 1.83 vs offered: 2.05 | Drawing 1:1 | Second half (66') | T3
03:33:08	LIVE 69''	LIVE	Queretaro W vs Mazatlan FC W	X (Draw)	1.95	1.72	+12.0%	T3	70%	58.5	1:1	LIVE_VALUE	Edge: +12.0% | Model: 58% vs market: 51% | Fair: 1.72 vs offered: 1.95 | Drawing 1:1 | Second half (69') | T3
03:33:39	LIVE 34''	LIVE	Monterrey W vs Toluca W	1 (Monterrey W)	1.43	1.25	+12.0%	T3	75%	64.8	1:0	LIVE_VALUE	Edge: +12.0% | Model: 80% vs market: 70% | Fair: 1.25 vs offered: 1.43 | Home leading 1:0 | Mid-game (34') | T3
03:33:39	LIVE 69''	LIVE	Queretaro W vs Mazatlan FC W	X (Draw)	1.94	1.72	+12.0%	T3	70%	58.5	1:1	LIVE_VALUE	Edge: +12.0% | Model: 58% vs market: 52% | Fair: 1.72 vs offered: 1.94 | Drawing 1:1 | Second half (69') | T3
09:51:25	10:00	9	Rakhine United vs Mahar United	2 (Mahar United)	1.72	1.90	-9.5%	509	95%	73.7	DA	STEAM	Steam move: odds dropped -9.5% | Sustained odds drop: 1.90 → 1.72 (-9.5%) | Strong drop >8% | Other outcomes rising while this drops — market consensus | Only 9 min to kick-off — late data is more reliable | 509 snapshots — robust data
10:21:26	10:30	9	Ayeyawady vs Shan Utd	2 (Shan Utd)	1.19	1.30	-8.5%	1038	95%	72.0	DA	STEAM	Steam move: odds dropped -8.5% | Sustained odds drop: 1.30 → 1.19 (-8.5%) | Strong drop >8% | Other outcomes rising while this drops — market consensus | Only 9 min to kick-off — late data is more reliable | 1038 snapshots — robust data
11:05:50	LIVE 46''	LIVE	Yangon Utd vs Thitsar Arman	X (Draw)	3.11	2.59	+12.0%	T3	75%	64.8	1:1	LIVE_VALUE	Edge: +12.0% | Model: 39% vs market: 32% | Fair: 2.59 vs offered: 3.11 | Drawing 1:1 | Mid-game (46') | T3
11:06:00	LIVE 46''	LIVE	Yangon Utd vs Thitsar Arman	X (Draw)	3.11	2.59	+12.0%	T3	75%	64.8	1:1	LIVE_VALUE	Edge: +12.0% | Model: 39% vs market: 32% | Fair: 2.59 vs offered: 3.11 | Drawing 1:1 | Mid-game (46') | T3
11:54:33	12:00	5	Vitoria Guimaraes B vs Os Belenenses	2 (Os Belenenses)	2.29	2.56	-10.5%	113	95%	75.4	DA	STEAM	Steam move: odds dropped -10.5% | Sustained odds drop: 2.56 → 2.29 (-10.5%) | Strong drop >8% | Other outcomes rising while this drops — market consensus | Only 6 min to kick-off — late data is more reliable | 113 snapshots — robust data
12:10:58	LIVE 10''	LIVE	Tanzania Prisons vs Coastal Union	1 (Tanzania Prisons)	3.79	3.02	+18.0%	T4	75%	75.2	0:1	LIVE_VALUE	Edge: +18.0% | Model: 33% vs market: 26% | Fair: 3.02 vs offered: 3.79 | Home trailing by 1 (0:1) | Early (10') | T4
12:12:32	LIVE 12''	LIVE	Tanzania Prisons vs Coastal Union	1 (Tanzania Prisons)	3.81	3.11	+18.0%	T4	75%	75.2	0:1	LIVE_VALUE	Edge: +18.0% | Model: 32% vs market: 26% | Fair: 3.11 vs offered: 3.81 | Home trailing by 1 (0:1) | Early (12') | T4
12:14:40	LIVE 14''	LIVE	Tanzania Prisons vs Coastal Union	1 (Tanzania Prisons)	3.97	3.20	+18.0%	T4	75%	75.2	0:1	LIVE_VALUE	Edge: +18.0% | Model: 31% vs market: 25% | Fair: 3.20 vs offered: 3.97 | Home trailing by 1 (0:1) | Early (14') | T4
12:16:22	LIVE 16''	LIVE	Tanzania Prisons vs Coastal Union	1 (Tanzania Prisons)	3.85	3.30	+16.8%	T4	75%	73.2	0:1	LIVE_VALUE	Edge: +16.8% | Model: 30% vs market: 26% | Fair: 3.30 vs offered: 3.85 | Home trailing by 1 (0:1) | Early (16') | T4
12:16:22	LIVE 15''	LIVE	Sisaket United vs Trat FC	1 (Sisaket United)	1.44	1.11	+18.0%	T4	65%	72.8	1:0	LIVE_VALUE	Edge: +18.0% | Model: 90% vs market: 69% | Fair: 1.11 vs offered: 1.44 | Home leading 1:0 | Early (15') | T4
12:18:19	LIVE 18''	LIVE	Tanzania Prisons vs Coastal Union	1 (Tanzania Prisons)	4.05	3.40	+18.0%	T4	75%	75.2	0:1	LIVE_VALUE	Edge: +18.0% | Model: 29% vs market: 25% | Fair: 3.40 vs offered: 4.05 | Home trailing by 1 (0:1) | Early (18') | T4
12:18:19	LIVE 17''	LIVE	Sisaket United vs Trat FC	1 (Sisaket United)	1.38	1.11	+18.0%	T4	65%	72.8	1:0	LIVE_VALUE	Edge: +18.0% | Model: 90% vs market: 72% | Fair: 1.11 vs offered: 1.38 | Home leading 1:0 | Early (17') | T4
12:20:04	LIVE 19''	LIVE	Tanzania Prisons vs Coastal Union	1 (Tanzania Prisons)	4.27	3.46	+18.0%	T4	75%	75.2	0:1	LIVE_VALUE	Edge: +18.0% | Model: 29% vs market: 23% | Fair: 3.46 vs offered: 4.27 | Home trailing by 1 (0:1) | Early (19') | T4
12:20:04	LIVE 19''	LIVE	Sisaket United vs Trat FC	1 (Sisaket United)	1.94	1.47	+18.0%	T4	65%	72.8	1:1	LIVE_VALUE	Edge: +18.0% | Model: 68% vs market: 52% | Fair: 1.47 vs offered: 1.94 | Home value in draw | Early (19') | T4
12:26:56	LIVE 26''	LIVE	Tanzania Prisons vs Coastal Union	1 (Tanzania Prisons)	4.60	3.91	+17.7%	T4	80%	80.9	0:1	LIVE_VALUE	Edge: +17.7% | Model: 26% vs market: 22% | Fair: 3.91 vs offered: 4.60 | Home trailing by 1 (0:1) | Early (26') | T4
12:26:56	LIVE 26''	LIVE	Sisaket United vs Trat FC	1 (Sisaket United)	2.03	1.52	+18.0%	T4	70%	79.0	1:1	LIVE_VALUE	Edge: +18.0% | Model: 66% vs market: 49% | Fair: 1.52 vs offered: 2.03 | Home value in draw | Early (26') | T4
12:29:17	LIVE 28''	LIVE	Sisaket United vs Trat FC	1 (Sisaket United)	2.03	1.54	+18.0%	T4	70%	79.0	1:1	LIVE_VALUE	Edge: +18.0% | Model: 65% vs market: 49% | Fair: 1.54 vs offered: 2.03 | Home value in draw | Early (28') | T4
12:30:33	LIVE 29''	LIVE	Sisaket United vs Trat FC	1 (Sisaket United)	2.04	1.55	+18.0%	T4	70%	79.0	1:1	LIVE_VALUE	Edge: +18.0% | Model: 64% vs market: 49% | Fair: 1.55 vs offered: 2.04 | Home value in draw | Early (29') | T4
12:33:13	LIVE 32''	LIVE	Sisaket United vs Trat FC	1 (Sisaket United)	1.30	1.12	+16.5%	T4	70%	76.3	2:1	LIVE_VALUE	Edge: +16.5% | Model: 90% vs market: 77% | Fair: 1.12 vs offered: 1.30 | Home leading 2:1 | Mid-game (32') | T4
